Time,Channel A,Channel B
(µs),(mV),(A)
-5.000000000,-79.875752115,2.779603485
-4.995000000,958.430972069,-4.064451291
-4.990000000,1717.715528938,-0.190430356
-4.985000000,1447.706288595,-0.098018247
-4.980000000,-541.014901561,2.515777406
-4.975000000,142.396604231,-9.678783682
-4.970000000,1742.071139967,-1.615376287
-4.965000000,-1272.704204588,-6.290971262
-4.960000000,-1303.863402240,10.568935952
-4.955000000,1296.272048270,-13.560220602
-4.950000000,3541.984992374,7.561787740
-4.945000000,-6833.941617334,-5.353405866
-4.940000000,-206.353437869,8.738954453
-4.935000000,-1710.576293471,-10.942556150
-4.930000000,491.125069267,1.295757488
-4.925000000,-897.021794871,-10.582756398
-4.920000000,-350.723373035,5.612055726
-4.915000000,794.468160912,2.821938106
-4.910000000,369.345795319,-0.833367654
-4.905000000,1473.382444297,-4.360219426
-4.900000000,-1095.784778216,-10.723618799
-4.895000000,-2082.537706889,3.247348234
-4.890000000,-3775.745389593,-2.120617137
-4.885000000,-288.255872093,4.569777215
-4.880000000,-557.278804695,7.862626279
-4.875000000,-819.558067490,-7.875112229
-4.870000000,776.499430291,-0.905994682
-4.865000000,-2035.620571281,6.702760547
-4.860000000,-943.637205922,-4.411575196
-4.855000000,2047.411721116,5.180026085
-4.850000000,-2149.776190555,-8.472544857
-4.845000000,-1161.599166000,11.158756323
-4.840000000,2587.055338799,2.728198834
-4.835000000,4151.855596884,6.748662448
-4.830000000,-4691.947810022,3.217706798
-4.825000000,-2794.571412824,0.296584274
-4.820000000,-73.878210674,11.959013407
-4.815000000,120.350977630,4.657889499
-4.810000000,-312.303284551,9.193133529
-4.805000000,-170.387183481,4.172220816
-4.800000000,-5341.711943035,-2.842878904
-4.795000000,-1274.938955421,8.237145433
-4.790000000,-3936.429571317,-5.511867806
-4.785000000,-2018.751497892,-1.712512140
-4.780000000,1638.519892241,-4.952916140
-4.775000000,-938.982739680,4.565314758
-4.770000000,431.268054319,8.802177143
-4.765000000,-1410.316191056,7.974265502
-4.760000000,2134.692233483,-4.730950717
-4.755000000,-5504.039751844,-14.706227565
-4.750000000,1203.713473814,-2.011966549
-4.745000000,-1367.180318511,-12.117325094
-4.740000000,-990.861100388,8.062957576
-4.735000000,2565.341296243,7.757135528
-4.730000000,-1864.419258752,-6.589367107
-4.725000000,1737.846542978,-7.743038929
-4.720000000,-1821.472759729,0.946675694
-4.715000000,1852.639837348,-3.432510475
-4.710000000,1055.900690178,-2.741472184
-4.705000000,575.795697574,-2.917163250
-4.700000000,43.240051864,-7.573764319
-4.695000000,1259.558378399,-2.508113182
-4.690000000,1779.524488452,3.240216748
-4.685000000,-9.497717298,-8.564115487
-4.680000000,1765.123820657,-0.124588590
-4.675000000,-2508.091698123,-4.880111098
-4.670000000,-1749.974900047,-5.347473546
-4.665000000,435.544271391,5.020335374
-4.660000000,4512.371736007,19.064890232
-4.655000000,-1212.494106173,7.357627770
-4.650000000,-38.244787255,-3.543325079
-4.645000000,-1540.799302164,-12.807918579
-4.640000000,-3452.973307459,8.913661926
-4.635000000,744.923854025,9.639896658
-4.630000000,-756.257545996,0.772177036
-4.625000000,799.600829834,-2.366270882
-4.620000000,-2719.140604670,4.989262723
-4.615000000,21.060420615,6.142947123
-4.610000000,491.917920786,3.949259627
-4.605000000,-5617.849881511,5.115585342
-4.600000000,1819.387020181,5.007061038
-4.595000000,-95.762344109,-6.426092636
-4.590000000,-40.640659717,3.602171873
-4.585000000,-558.908344654,7.580948876
-4.580000000,-1258.221100626,1.385270735
-4.575000000,615.620708312,-4.817393081
-4.570000000,-3532.190628049,4.230892987
-4.565000000,610.066764103,-1.888378600
-4.560000000,418.944430024,-2.194308358
-4.555000000,-124.765241843,-3.705467301
-4.550000000,826.705998928,1.957851001
-4.545000000,2867.977958446,3.867525421
-4.540000000,301.131152209,-0.097939370
-4.535000000,-2838.718620458,-3.947108946
-4.530000000,-2297.955748455,-8.390548549
-4.525000000,-1724.350306009,-2.526387369
-4.520000000,-2809.229633207,3.851783687
-4.515000000,-2758.196871327,-2.793503429
-4.510000000,-2809.179870625,1.978492962
-4.505000000,2470.145029874,8.374579847
-4.500000000,2485.270857528,7.997614418
-4.495000000,-1855.182178510,4.218042819
-4.490000000,627.430257400,10.042593556
-4.485000000,262.774311353,1.238801178
-4.480000000,3413.522501360,-2.254806866
-4.475000000,-3460.028375604,3.882192577
-4.470000000,-163.421006535,-3.791247289
-4.465000000,-1659.583041781,-1.466792795
-4.460000000,-453.206009632,-0.311608312
-4.455000000,-620.460653000,-3.589658836
-4.450000000,-2132.294176452,-8.892686727
-4.445000000,1340.547963335,11.854781491
-4.440000000,1671.557810336,-0.487967501
-4.435000000,-3728.081906190,8.348910229
-4.430000000,2461.327118069,-2.965639276
-4.425000000,2251.189350292,-6.918573531
-4.420000000,4482.707493273,4.508301955
-4.415000000,855.359769557,2.316168882
-4.410000000,2742.611471265,-4.270592573
-4.405000000,-373.652328716,5.133155036
-4.400000000,-959.425254589,0.464168063
-4.395000000,2887.857241175,-7.856479711
-4.390000000,-718.598182600,4.009368874
-4.385000000,-995.311091788,0.262961587
-4.380000000,388.237033075,-0.956714832
-4.375000000,304.571787372,-4.041165457
-4.370000000,-1002.589447360,-6.990747133
-4.365000000,1923.877854396,-6.368461003
-4.360000000,571.320026092,0.783862806
-4.355000000,1362.744303653,-2.867082345
-4.350000000,1914.854284437,6.198075552
-4.345000000,2344.982458594,6.312374994
-4.340000000,-407.167043004,4.292231632
-4.335000000,2656.545976687,-3.461220544
-4.330000000,4894.562807876,-12.928507782
-4.325000000,920.615016875,0.396367572
-4.320000000,-584.570792021,-10.086514656
-4.315000000,-4194.418013452,20.704880563
-4.310000000,-3972.875054167,-6.124875527
-4.305000000,59.300096090,-10.522286210
-4.300000000,-1934.035076974,-3.249040412
-4.295000000,1073.993757253,-3.245510313
-4.290000000,2290.643072280,1.703692985
-4.285000000,638.953137851,-2.420283050
-4.280000000,-2631.605235486,7.697449674
-4.275000000,-3229.618085736,-0.520212227
-4.270000000,-2214.635005448,11.074117145
-4.265000000,1873.262495636,2.244056612
-4.260000000,1500.614057055,-3.975463165
-4.255000000,18.258126887,2.668886007
-4.250000000,-129.723535626,6.888715246
-4.245000000,2525.737798479,-20.040743705
-4.240000000,-431.621166832,6.032699455
-4.235000000,3067.509493019,-3.714780344
-4.230000000,594.727761441,-1.765192331
-4.225000000,-577.549810507,1.543198849
-4.220000000,-829.994981651,3.254684071
-4.215000000,1217.869051616,-6.436265046
-4.210000000,1553.666777699,4.153430041
-4.205000000,-2154.170704806,-2.924945682
-4.200000000,3097.812616734,-1.688012090
-4.195000000,-4106.155759368,-2.188947872
-4.190000000,460.695695082,-12.129449338
-4.185000000,3425.811174157,2.609357018
-4.180000000,-3662.865253216,0.831513170
-4.175000000,-244.545148672,-0.116971591
-4.170000000,1.330979600,-11.433830165
-4.165000000,-4710.310622065,-6.799071347
-4.160000000,643.224815511,2.386805600
-4.155000000,172.491541164,-3.985890038
-4.150000000,-2197.917282839,4.107393372
-4.145000000,1664.082104693,1.183714586
-4.140000000,-4471.340413812,2.375809881
-4.135000000,-4592.686733374,3.172615060
-4.130000000,2389.359922323,-3.785593783
-4.125000000,840.171779860,10.436677330
-4.120000000,-2203.687362173,-2.694865957
-4.115000000,-1800.241610315,-6.417823272
-4.110000000,-4072.898908436,-3.083024376
-4.105000000,-2645.118114949,0.690302189
-4.100000000,-3024.522777148,-2.538727208
-4.095000000,1354.961711703,-7.643358964
-4.090000000,-1076.889213797,-12.704060396
-4.085000000,-1513.594933899,-10.967289623
-4.080000000,1451.892612956,6.206603886
-4.075000000,721.947899193,-4.892709492
-4.070000000,2400.305879771,-0.855194894
-4.065000000,-3553.380260105,-7.871174383
-4.060000000,2849.605869036,4.883945317
-4.055000000,790.805256097,-10.981073678
-4.050000000,-1058.122777554,-5.549427593
-4.045000000,1906.312111605,6.461658205
-4.040000000,4081.092129170,-4.727316831
-4.035000000,-357.171150408,-11.692129030
-4.030000000,-403.780545873,1.138132797
-4.025000000,-931.189658228,-7.823940464
-4.020000000,-4359.584241807,5.164420739
-4.015000000,2891.843685974,9.101699237
-4.010000000,1296.449999220,4.545973730
-4.005000000,1051.707205875,-5.852061319
-4.000000000,1406.897891528,-4.444884540
-3.995000000,-1134.193039227,2.028131826
-3.990000000,4887.917234937,-1.326469186
-3.985000000,286.335350249,2.134346582
-3.980000000,-746.790326456,2.631255643
-3.975000000,-2637.171194611,-15.403126472
-3.970000000,5814.375240160,-8.347614562
-3.965000000,1843.627174513,2.004259925
-3.960000000,1955.151869362,4.767044416
-3.955000000,874.934569975,7.499092081
-3.950000000,-2912.213920987,-7.337788389
-3.945000000,1858.016253405,1.192076068
-3.940000000,-862.534365328,-0.497502996
-3.935000000,-1413.422247228,7.830102287
-3.930000000,3072.974270193,-10.164176866
-3.925000000,-340.291506752,-3.639558974
-3.920000000,-1283.298336110,0.714886690
-3.915000000,-3849.652903226,-4.375176816
-3.910000000,-3163.847501433,4.313942415
-3.905000000,122.835931575,0.634964617
-3.900000000,722.215596584,1.750912145
-3.895000000,1096.449905262,0.908000671
-3.890000000,-1465.272162770,1.628698520
-3.885000000,-993.831024728,-7.909523012
-3.880000000,1409.454794932,-6.480522663
-3.875000000,-2405.487894037,-11.244947242
-3.870000000,-3960.376978926,0.587398277
-3.865000000,255.122855838,6.187908489
-3.860000000,849.985745902,11.452632636
-3.855000000,-3161.188102433,0.375504364
-3.850000000,4186.788504944,-12.069269798
-3.845000000,-1049.718803900,-8.512346225
-3.840000000,-1446.413980822,-1.880672408
-3.835000000,3005.484644228,0.427292997
-3.830000000,-1185.035403655,8.337075371
-3.825000000,-1400.479524804,-5.347885111
-3.820000000,-2735.560003843,4.149237378
-3.815000000,1434.337652931,-7.291719896
-3.810000000,-1479.670879112,5.627832334
-3.805000000,2123.334588446,-8.787756966
-3.800000000,-838.898315103,0.851259602
-3.795000000,-1829.126446765,14.304912664
-3.790000000,3018.384954979,6.684607222
-3.785000000,2108.856745138,9.811796923
-3.780000000,-1434.686088363,-1.949328504
-3.775000000,-1011.262769597,1.742556809
-3.770000000,1670.317914235,3.781868433
-3.765000000,-1713.700710649,9.621406522
-3.760000000,-1551.353353151,-3.587788794
-3.755000000,-2531.853209978,-4.770928872
-3.750000000,291.359754965,2.166114084
-3.745000000,242.459032215,4.163360823
-3.740000000,2618.185549796,2.753885384
-3.735000000,-1102.491529831,-8.183253251
-3.730000000,-2449.211110912,-3.049358323
-3.725000000,-488.026693697,5.743437632
-3.720000000,1158.988952827,-2.733277227
-3.715000000,-3325.133705441,6.504442075
-3.710000000,1960.751981327,7.100978682
-3.705000000,653.393855179,6.932290657
-3.700000000,558.450914508,4.088921263
-3.695000000,1090.900043421,6.928449797
-3.690000000,-1768.919268492,7.257184832
-3.685000000,-1758.709238107,-4.733255120
-3.680000000,3542.360642263,8.257750230
-3.675000000,-740.315219435,-12.732339660
-3.670000000,2747.558679553,-4.340295073
-3.665000000,-419.166044922,-0.245829978
-3.660000000,-3369.343669471,-1.087431204
-3.655000000,-792.898830679,-7.083663711
-3.650000000,-371.556260700,-1.617090832
-3.645000000,-855.153923711,-7.629980477
-3.640000000,1602.759392283,-3.524886050
-3.635000000,327.363158101,3.318608357
-3.630000000,1194.012259417,-5.622275057
-3.625000000,1719.149136422,-6.520307106
-3.620000000,400.736782035,5.933110657
-3.615000000,2575.603556414,0.147948878
-3.610000000,616.429420881,-2.565297557
-3.605000000,-209.568693016,2.282847152
-3.600000000,-1956.337533262,-6.518242302
-3.595000000,3204.848622526,-4.020332958
-3.590000000,2192.619450574,-7.886257451
-3.585000000,-424.085699432,5.100600467
-3.580000000,196.022903143,-4.390247626
-3.575000000,-1290.497761579,5.861160454
-3.570000000,-1326.106016675,-12.039610843
-3.565000000,-2205.581980473,0.441813977
-3.560000000,-1654.632957321,-8.870704236
-3.555000000,-867.579691336,0.592755966
-3.550000000,1064.488428795,-9.847110276
-3.545000000,-2739.011317736,-6.621826973
-3.540000000,-293.764735366,2.900310936
-3.535000000,-1312.538630500,-2.939795128
-3.530000000,-790.015968389,-11.680006333
-3.525000000,3692.643177845,-11.277729261
-3.520000000,-2331.762363583,-6.231717681
-3.515000000,449.590726924,-4.672055122
-3.510000000,1644.062504315,2.291407771
-3.505000000,-1802.391538854,-5.820096156
-3.500000000,-155.864189749,6.771682010
-3.495000000,1374.819004973,-2.359689553
-3.490000000,1194.522165757,-4.149647897
-3.485000000,-2124.295450854,-8.773615058
-3.480000000,1247.992486332,2.723383521
-3.475000000,-2882.544750151,14.050333810
-3.470000000,-1515.432011737,-0.399690254
-3.465000000,-1773.351726952,1.268933776
-3.460000000,-1525.703581729,-10.318653438
-3.455000000,-3595.003387344,11.307352953
-3.450000000,489.236305644,-1.209192675
-3.445000000,5974.920907631,-0.531343531
-3.440000000,1486.722058459,-8.550688936
-3.435000000,2104.811996302,5.075282831
-3.430000000,1703.244291906,-2.503729135
-3.425000000,221.835024690,5.929108561
-3.420000000,2493.919960095,-19.714176244
-3.415000000,1550.216117916,2.964744974
-3.410000000,1051.180686817,-13.573441802
-3.405000000,-3922.661221946,5.103328269
-3.400000000,-2410.498533710,-3.349333393
-3.395000000,-7312.703347432,4.155072680
-3.390000000,-3698.416215486,0.200342668
-3.385000000,-1238.410188430,15.932027404
-3.380000000,-1534.962730173,4.253700566
-3.375000000,-3251.486516831,-12.092288487
-3.370000000,1713.346193782,3.780399680
-3.365000000,752.184384193,-12.187870953
-3.360000000,-1435.663493399,-11.166746126
-3.355000000,-1685.707398578,2.208553281
-3.350000000,750.476332103,0.561381063
-3.345000000,-2827.332239896,3.792549752
-3.340000000,1037.582221359,-4.632754168
-3.335000000,250.914920352,1.573438402
-3.330000000,-3037.177915842,-6.859352211
-3.325000000,532.847050306,2.584018771
-3.320000000,2179.921014131,-10.959267152
-3.315000000,2165.009020942,1.514460251
-3.310000000,-3323.056203450,-6.233219682
-3.305000000,279.350977811,-3.586110408
-3.300000000,989.934856139,6.445427999
-3.295000000,1224.253405302,2.321912135
-3.290000000,-2280.017769025,-0.744964770
-3.285000000,-2893.916988099,7.521975873
-3.280000000,21.799898904,-14.436059815
-3.275000000,89.933639508,-4.371546541
-3.270000000,-315.622379850,2.225325967
-3.265000000,-1347.172201925,2.062296891
-3.260000000,-2846.268655249,-2.254725210
-3.255000000,1271.729943435,1.844790550
-3.250000000,-2548.995014637,5.046655116
-3.245000000,-2486.180290033,7.065859752
-3.240000000,-2814.775689597,4.203171933
-3.235000000,-825.977531882,-4.441482082
-3.230000000,2740.387373441,-3.320023895
-3.225000000,1904.330229856,3.397279191
-3.220000000,-1069.350752351,5.146678523
-3.215000000,-1178.973113362,-6.456391717
-3.210000000,2423.746844703,-5.004330489
-3.205000000,-2363.613848291,-7.200815943
-3.200000000,1643.254144142,17.898094934
-3.195000000,326.744721565,-3.810336668
-3.190000000,-139.025127697,-7.051275902
-3.185000000,1374.994919576,-9.761201048
-3.180000000,-3066.648505396,-4.705968396
-3.175000000,-1078.815087844,3.969485097
-3.170000000,-4367.385619234,-4.960669414
-3.165000000,2938.280902524,6.357891121
-3.160000000,527.907092439,-5.130716248
-3.155000000,-1386.201105028,-0.050981400
-3.150000000,3493.793211064,-1.957273727
-3.145000000,460.260789211,-4.279595396
-3.140000000,1714.147732932,-0.349498786
-3.135000000,-3903.804807791,13.969682977
-3.130000000,-1182.689518303,-1.947292891
-3.125000000,-1751.504422163,12.198334622
-3.120000000,2592.389103005,5.518987989
-3.115000000,1717.829726708,7.142021726
-3.110000000,985.181250282,6.130806485
-3.105000000,-1995.904418573,-12.130132165
-3.100000000,2798.450207632,-1.685057197
-3.095000000,-3449.566966089,-5.534941202
-3.090000000,-1933.508120844,-2.724013774
-3.085000000,-729.553285412,-3.262820931
-3.080000000,-682.864029255,-13.436074784
-3.075000000,2072.193430886,2.756288922
-3.070000000,19.588887815,-2.487496532
-3.065000000,2829.223015416,-2.777336690
-3.060000000,-3191.729796136,14.480131608
-3.055000000,-387.221884480,4.012462950
-3.050000000,2527.604195580,3.969909888
-3.045000000,-2348.165614445,0.372453992
-3.040000000,-1162.393183763,-6.322880145
-3.035000000,-1639.922414964,4.649553394
-3.030000000,2572.150580206,-10.500336619
-3.025000000,1603.505594218,12.484264803
-3.020000000,-3526.794804603,-16.048538902
-3.015000000,-1732.312201301,-0.427624630
-3.010000000,1867.357296824,-17.079014014
-3.005000000,1485.601959577,0.111205094
-3.000000000,6280.421366684,-4.643753529
-2.995000000,1459.539971188,8.733697597
-2.990000000,-480.613248663,6.220443031
-2.985000000,1328.232681047,0.137325294
-2.980000000,1679.143290478,-1.042383225
-2.975000000,-1804.239676078,4.073206282
-2.970000000,-781.853303396,6.410044381
-2.965000000,-1557.672434422,1.911022916
-2.960000000,-1995.507685357,-8.799592958
-2.955000000,2781.761865385,-1.863978491
-2.950000000,-2731.422289709,-4.857771323
-2.945000000,-379.426286981,0.695336485
-2.940000000,-148.002985809,-17.690028712
-2.935000000,-3188.190754784,-13.306066578
-2.930000000,204.908595347,-3.322205401
-2.925000000,466.221769785,-6.777285746
-2.920000000,235.897945455,-2.661978295
-2.915000000,-516.839300352,-0.475996376
-2.910000000,2569.358928871,3.694782202
-2.905000000,652.537314742,8.082771562
-2.900000000,5830.069125787,2.409393263
-2.895000000,4130.276078357,-2.880761317
-2.890000000,2828.763601347,-1.996299155
-2.885000000,-1312.285423286,-1.537160192
-2.880000000,-1986.594907427,-8.852462640
-2.875000000,1528.458291066,1.197257125
-2.870000000,3511.457912774,-4.463761675
-2.865000000,107.298265114,-7.226207411
-2.860000000,-503.214788130,1.392892054
-2.855000000,-451.046702053,-11.799744856
-2.850000000,-570.631941975,0.794730867
-2.845000000,-398.465265130,-4.068570084
-2.840000000,-2366.228154539,-12.543182543
-2.835000000,-193.240090383,3.540274568
-2.830000000,-910.499731082,-0.492013000
-2.825000000,-1023.542079238,8.854933770
-2.820000000,-1450.426125935,-3.689068172
-2.815000000,2766.247426220,10.848885559
-2.810000000,2542.441565689,5.979703554
-2.805000000,-2252.248194108,1.810488391
-2.800000000,-673.336059645,7.875747052
-2.795000000,-188.382749085,4.513442227
-2.790000000,2220.920123356,-1.524450593
-2.785000000,114.825698714,-0.874697532
-2.780000000,1908.632818167,-3.379652073
-2.775000000,2709.838906282,1.499588367
-2.770000000,-685.689259828,0.614361205
-2.765000000,-1525.662598650,1.906590648
-2.760000000,601.972167895,-2.412892541
-2.755000000,-634.734184897,1.114608210
-2.750000000,-199.760785813,-4.184777161
-2.745000000,3050.121454790,-3.513208730
-2.740000000,-1080.840017750,-1.021937853
-2.735000000,1675.163682486,-5.545266545
-2.730000000,383.506263113,-0.371786824
-2.725000000,1522.501728196,-3.812691764
-2.720000000,-2345.741162523,1.358234065
-2.715000000,78.342990335,-11.275736180
-2.710000000,-4714.123235636,-1.315363878
-2.705000000,892.486321246,2.146313270
-2.700000000,-30.209092062,1.741864367
-2.695000000,-978.501355070,-12.800939054
-2.690000000,3076.075475897,7.152637127
-2.685000000,304.923416307,5.319741980
-2.680000000,2259.853334505,-7.881296768
-2.675000000,849.795395798,-2.166459586
-2.670000000,-932.917271508,-9.000916847
-2.665000000,585.265607894,8.447753690
-2.660000000,-413.127510578,2.084885584
-2.655000000,-4180.710639765,-6.312932336
-2.650000000,1923.238993301,-1.596150730
-2.645000000,3278.193810943,9.136775465
-2.640000000,3936.043782861,-3.335780879
-2.635000000,-956.605717232,2.072935325
-2.630000000,2252.912053400,-4.049235971
-2.625000000,-3059.707928695,-3.796950026
-2.620000000,2596.036094253,-8.882291831
-2.615000000,112.554647017,4.584882903
-2.610000000,2984.330819232,12.622816882
-2.605000000,1593.839271768,6.150939498
-2.600000000,-1646.063142091,3.746008489
-2.595000000,-586.049089482,-4.763638321
-2.590000000,-877.971304464,9.121489188
-2.585000000,1316.334146568,4.191622201
-2.580000000,2562.927744001,-13.884122104
-2.575000000,-3542.746021956,-8.964588123
-2.570000000,-1506.263123479,2.572933987
-2.565000000,949.526063306,0.193650921
-2.560000000,-1315.098994875,-12.905285127
-2.555000000,-401.696820220,8.623832871
-2.550000000,-140.958043637,-3.619514744
-2.545000000,451.991984946,7.242113544
-2.540000000,1180.535977837,-0.486301310
-2.535000000,-145.587382472,-6.638709266
-2.530000000,974.897021867,-7.009140274
-2.525000000,-2565.548344453,2.960004438
-2.520000000,-881.206527689,-2.545434294
-2.515000000,-1187.345851226,6.852029609
-2.510000000,2063.179738480,-1.131096937
-2.505000000,-494.550818962,0.936722822
-2.500000000,1254.743326500,5.270847060
-2.495000000,-4579.435149297,-11.424020418
-2.490000000,-2980.842397020,-5.668949059
-2.485000000,-3340.715051743,2.035065900
-2.480000000,1195.141691813,-10.064323085
-2.475000000,-1635.386074772,-1.004347257
-2.470000000,907.445684048,-7.110113450
-2.465000000,-1882.433849613,-1.063967615
-2.460000000,331.739190069,-7.045522790
-2.455000000,-971.859119824,-4.329185565
-2.450000000,-2989.194296605,0.524591502
-2.445000000,1653.714636090,-6.146896269
-2.440000000,626.682902478,-0.427549109
-2.435000000,662.301944142,8.670448291
-2.430000000,947.526475775,-4.726244013
-2.425000000,-1146.545236767,-4.791858178
-2.420000000,225.562392692,-4.080153427
-2.415000000,-1604.278494460,0.665847502
-2.410000000,1161.678041267,3.578499451
-2.405000000,-3147.330496227,-0.411274001
-2.400000000,4052.698567768,4.468897195
-2.395000000,1133.090508021,-0.830644076
-2.390000000,716.658616598,5.120582758
-2.385000000,-2098.569928079,0.223391574
-2.380000000,3755.430254768,5.742544468
-2.375000000,1292.314027952,6.001785659
-2.370000000,2040.010623261,10.316822684
-2.365000000,1375.821935829,10.349360552
-2.360000000,1546.725077152,0.460804180
-2.355000000,2981.596175353,-0.078065642
-2.350000000,-45.065943581,2.162071502
-2.345000000,922.952252459,-4.006516259
-2.340000000,-167.325975767,-1.914391922
-2.335000000,221.102088963,-1.622928777
-2.330000000,2180.420228167,11.986684392
-2.325000000,3262.903625366,-0.722834263
-2.320000000,1857.633322878,5.170497654
-2.315000000,3047.809531549,1.946670105
-2.310000000,1090.424356780,5.238115369
-2.305000000,-2075.154070170,-4.457634865
-2.300000000,-8847.186066059,-0.567966202
-2.295000000,-751.372191513,-0.316974811
-2.290000000,-2272.275646261,0.086908043
-2.285000000,-4130.383764350,2.639004897
-2.280000000,1900.276890856,6.363544605
-2.275000000,1141.087347507,-5.217367047
-2.270000000,-967.562217121,-2.235932024
-2.265000000,-5592.105903492,-0.781391937
-2.260000000,-1679.248509234,1.598468270
-2.255000000,-3815.576535453,5.211870953
-2.250000000,2236.038390542,2.307635966
-2.245000000,-546.963433802,-3.758326560
-2.240000000,2576.162418808,-2.671735082
-2.235000000,-5159.887011722,-5.037498748
-2.230000000,-3561.564791499,8.526894486
-2.225000000,1255.998230160,9.697797428
-2.220000000,1311.284093869,4.138103280
-2.215000000,-1987.465544712,2.843451399
-2.210000000,-2378.281976670,-3.918308868
-2.205000000,734.739235650,5.242099966
-2.200000000,-562.927212463,10.740158787
-2.195000000,-1541.192082145,-2.773790140
-2.190000000,-1921.849622616,5.703311083
-2.185000000,1260.240250131,-1.802917621
-2.180000000,1715.817858867,6.261964192
-2.175000000,2346.811017966,-1.589131190
-2.170000000,2232.533464936,-3.297880040
-2.165000000,-2232.933404015,-7.576145493
-2.160000000,-946.790519441,0.792437428
-2.155000000,2675.186331864,-7.767785440
-2.150000000,-2367.317788545,11.986491037
-2.145000000,669.449831843,-4.196685371
-2.140000000,744.012319380,-12.707830289
-2.135000000,-1508.086255317,-5.947567449
-2.130000000,157.671311587,-1.867762406
-2.125000000,1978.389709939,2.666953361
-2.120000000,3877.351138810,-8.599786692
-2.115000000,-1003.312208821,-4.836506057
-2.110000000,-868.462173048,7.517852750
-2.105000000,563.692422750,2.833044846
-2.100000000,-3327.450548401,2.711821739
-2.095000000,-27.798157690,-3.114219385
-2.090000000,-3288.273325593,-17.061624227
-2.085000000,1350.405881090,-5.762260818
-2.080000000,-799.729352845,-7.369307397
-2.075000000,2376.734218054,9.159577719
-2.070000000,-2123.145711654,-8.994096390
-2.065000000,130.313972166,0.985813425
-2.060000000,225.756664661,-4.130743835
-2.055000000,-432.778385862,-5.000806601
-2.050000000,1749.294765613,8.661363584
-2.045000000,-2025.563208470,0.651736621
-2.040000000,323.278217197,7.163383419
-2.035000000,-507.646204520,-4.454272763
-2.030000000,-1620.485748317,-6.551431448
-2.025000000,2855.888452335,-6.927410749
-2.020000000,-449.315770964,-1.562555648
-2.015000000,-1160.973940043,-6.133811851
-2.010000000,2096.426566717,-16.440342094
-2.005000000,-757.832978721,-6.991918429
-2.000000000,-437.210953208,2.972194257
-1.995000000,-1789.163101759,-0.428486125
-1.990000000,1422.971534177,6.559224998
-1.985000000,1288.300244918,-0.530985012
-1.980000000,-2213.519411766,-0.187078433
-1.975000000,-2493.256890276,-5.616089752
-1.970000000,771.845311031,2.327662687
-1.965000000,1193.370910132,2.462399235
-1.960000000,-1170.653468182,-15.584030549
-1.955000000,909.352070227,9.654525081
-1.950000000,2506.274816394,-2.709714489
-1.945000000,-1679.480762626,-8.068026754
-1.940000000,1728.017684598,5.388675795
-1.935000000,-1894.551943754,-6.111306545
-1.930000000,722.823119673,-1.352415773
-1.925000000,-358.223070701,0.712989878
-1.920000000,759.927039188,-6.155657690
-1.915000000,3149.511572181,-0.593793580
-1.910000000,-2183.100288022,-1.266882898
-1.905000000,-3373.581345612,-6.723800102
-1.900000000,823.255518573,-6.789781850
-1.895000000,3065.405960495,15.804356577
-1.890000000,-727.625256395,17.199151867
-1.885000000,-3191.047662053,0.910883433
-1.880000000,-5112.913543790,2.726281853
-1.875000000,1260.895574703,-10.312245229
-1.870000000,2704.012258781,-13.021559431
-1.865000000,-3349.298583800,-8.028698056
-1.860000000,-2278.066406146,11.350525330
-1.855000000,-70.410429000,3.312771263
-1.850000000,-725.693628080,-6.571767076
-1.845000000,1409.687737904,13.316628123
-1.840000000,2158.255527739,2.379713229
-1.835000000,3041.974406220,-9.931104191
-1.830000000,-1820.299247908,-0.047436271
-1.825000000,-586.493623565,-2.843515104
-1.820000000,2228.388376360,9.697059955
-1.815000000,-591.509832020,1.738276404
-1.810000000,-5.172812815,7.776420436
-1.805000000,-27.361730677,-3.444058173
-1.800000000,3290.350941163,4.476538665
-1.795000000,4250.889984655,7.133484260
-1.790000000,-1331.683262828,-1.812118466
-1.785000000,3585.331727056,1.965022608
-1.780000000,-2817.030776466,1.889154898
-1.775000000,-564.530109198,5.599156679
-1.770000000,480.997171190,-6.808136517
-1.765000000,-395.789992409,0.542815868
-1.760000000,-1676.600903331,-2.049526943
-1.755000000,-2411.084624140,2.682733835
-1.750000000,-4470.206647561,-1.157470870
-1.745000000,2666.025101815,9.338878906
-1.740000000,4065.017883493,-5.248778771
-1.735000000,-844.705482961,0.867567128
-1.730000000,3109.887488065,-4.526330859
-1.725000000,3151.560997092,-1.726036031
-1.720000000,3070.673599607,-0.179308349
-1.715000000,-4469.023610416,0.746269276
-1.710000000,900.534842063,-7.274998078
-1.705000000,4370.908461670,5.188406324
-1.700000000,-339.306763529,-4.783813014
-1.695000000,1464.118986049,-5.505364302
-1.690000000,-302.935357895,-3.077418431
-1.685000000,2150.219300108,-0.849703071
-1.680000000,-3625.148218761,7.758763916
-1.675000000,-4112.869434578,12.254540704
-1.670000000,-298.386814684,-10.965426697
-1.665000000,2653.069838319,-1.313718059
-1.660000000,-279.288413651,6.497033933
-1.655000000,-3131.511972728,8.003113166
-1.650000000,1768.003229115,2.222615333
-1.645000000,752.447308941,-2.109903902
-1.640000000,-2061.913974985,-7.652030533
-1.635000000,1076.703471442,14.813325711
-1.630000000,3982.592292978,-13.462968121
-1.625000000,-2997.095340540,-2.028789380
-1.620000000,-4231.996316029,7.034435115
-1.615000000,-2512.182576702,-2.228273027
-1.610000000,-1650.862083068,6.025070355
-1.605000000,940.566973683,1.543452031
-1.600000000,1342.997249262,-5.874283986
-1.595000000,-2085.124895069,-5.880301253
-1.590000000,-2715.130878098,-4.856830647
-1.585000000,-4210.948568750,2.115517627
-1.580000000,3441.609242317,7.946529493
-1.575000000,4626.678864183,4.731432874
-1.570000000,-202.848513507,6.215818885
-1.565000000,2097.744197528,-11.299337559
-1.560000000,528.548393319,2.566448367
-1.555000000,6.984194000,2.881160772
-1.550000000,-3355.886103537,3.457069748
-1.545000000,-1707.863143896,-3.952584518
-1.540000000,-1022.529979982,-8.822010629
-1.535000000,3003.488078758,1.199708764
-1.530000000,801.821505592,3.084352719
-1.525000000,-1727.139182822,-1.367803227
-1.520000000,3155.821881585,0.963959260
-1.515000000,-2041.131156224,-5.746593639
-1.510000000,-98.503298688,-0.139890232
-1.505000000,-2023.675940329,-0.362055834
-1.500000000,3903.006790721,-2.481443448
-1.495000000,917.826333363,-9.861528640
-1.490000000,-2684.608436749,-7.656955242
-1.485000000,-826.962200501,-7.930332463
-1.480000000,-1560.311153453,-1.112719622
-1.475000000,-379.120274247,10.149413683
-1.470000000,-3348.359077332,3.450163016
-1.465000000,355.659741474,12.529794391
-1.460000000,-202.712528878,3.648412596
-1.455000000,894.385261718,-2.745612372
-1.450000000,-688.533805625,3.163102453
-1.445000000,-2272.136958703,4.840531162
-1.440000000,-318.804630773,-3.935288837
-1.435000000,5054.322786474,-8.798004323
-1.430000000,-1895.411214798,0.144415681
-1.425000000,489.162908090,11.421930679
-1.420000000,1567.536398309,-0.114815533
-1.415000000,-478.442532519,-4.554130103
-1.410000000,2845.932652670,3.792847759
-1.405000000,3692.344724146,6.818404689
-1.400000000,-89.099797801,-3.072027299
-1.395000000,-2409.821169090,5.847310393
-1.390000000,-161.709621320,4.640564339
-1.385000000,-0.850851337,8.271508602
-1.380000000,1399.762199668,-12.661418734
-1.375000000,2370.000061276,0.712594502
-1.370000000,2438.808823079,-1.715417787
-1.365000000,2368.825516955,-5.382934775
-1.360000000,1489.046090371,-2.746559637
-1.355000000,-4317.148297141,1.150643361
-1.350000000,-2135.444686838,-11.021822895
-1.345000000,-1291.512701836,-12.558687425
-1.340000000,-1706.896990669,7.525173501
-1.335000000,-1920.404024587,-0.667219632
-1.330000000,1510.446803775,-1.780715936
-1.325000000,-1970.388948298,-2.219315024
-1.320000000,-3500.571797430,1.434618472
-1.315000000,3876.948413566,-10.713457473
-1.310000000,1105.268955629,8.901622527
-1.305000000,469.321747082,15.812946520
-1.300000000,-2231.234195160,4.598757444
-1.295000000,156.605695598,3.607605295
-1.290000000,2085.327377500,5.593069102
-1.285000000,-1221.979170468,-2.444404538
-1.280000000,16.342240288,-2.722727781
-1.275000000,-2704.989810095,-1.918258976
-1.270000000,2101.281047326,-4.127337415
-1.265000000,199.920240580,-5.220153850
-1.260000000,169.408000986,1.664286035
-1.255000000,1349.741033856,-2.149923991
-1.250000000,1960.648478093,6.532295358
-1.245000000,-4039.881100162,4.602010345
-1.240000000,-3861.915456063,-8.678035480
-1.235000000,2673.301539796,3.669035215
-1.230000000,4588.658834604,4.635534812
-1.225000000,-1084.139701551,-1.065798946
-1.220000000,-822.319942898,1.909115180
-1.215000000,2582.345064651,-3.229189707
-1.210000000,3951.230199943,5.115550070
-1.205000000,960.899554897,3.832265463
-1.200000000,-999.105763484,-3.772614592
-1.195000000,96.110938696,-6.413350829
-1.190000000,3146.372493867,2.059516652
-1.185000000,-762.440397873,0.770237154
-1.180000000,727.370677853,-5.587382537
-1.175000000,3752.416500441,-7.223881948
-1.170000000,-1757.953093660,-0.409712490
-1.165000000,681.527908754,8.121582902
-1.160000000,3095.820520749,-5.430259078
-1.155000000,-1790.925758922,-2.204604114
-1.150000000,3964.924371137,5.403677124
-1.145000000,-3956.706075649,-0.369176448
-1.140000000,92.218314663,-4.271195169
-1.135000000,-797.210635382,0.803345371
-1.130000000,-392.323578756,-0.953726270
-1.125000000,129.804116746,-1.352280549
-1.120000000,-1291.594223389,3.582105427
-1.115000000,3669.633099021,5.611930214
-1.110000000,1033.698727404,1.825770934
-1.105000000,-941.913903866,-3.192931239
-1.100000000,1374.561521530,4.309607066
-1.095000000,1135.066005508,3.515180294
-1.090000000,2172.477407784,-2.154482109
-1.085000000,193.283742856,-10.738757541
-1.080000000,-3579.283842771,-0.096001910
-1.075000000,-1648.208123925,-3.319316079
-1.070000000,1883.541996823,-8.069958097
-1.065000000,-308.659887251,-1.418118672
-1.060000000,298.552056793,-4.644751765
-1.055000000,-31.076876501,-0.589976492
-1.050000000,-571.463207604,-4.919864980
-1.045000000,1544.690857024,7.558952994
-1.040000000,-1629.149540222,9.370223834
-1.035000000,-2878.808981620,5.171534948
-1.030000000,-2736.572863195,0.698929727
-1.025000000,-4016.490433600,8.272288881
-1.020000000,212.395277038,2.362471828
-1.015000000,3099.072044538,5.040796297
-1.010000000,-1083.096180133,-9.000052321
-1.005000000,-62.885283888,-0.066778439
-1.000000000,-913.689485993,4.980122708
-0.995000000,-1968.982285456,7.885843877
-0.990000000,2999.955246163,2.064752535
-0.985000000,-1414.586151845,-6.908504293
-0.980000000,-3642.060257429,-7.615767241
-0.975000000,1973.446785831,0.589476767
-0.970000000,-17.166556402,2.776144792
-0.965000000,623.052025365,4.991833728
-0.960000000,1572.761971018,5.901285759
-0.955000000,-606.145437665,-7.174472907
-0.950000000,-226.335681230,-5.861910326
-0.945000000,-2816.995175455,-15.950653673
-0.940000000,-962.418791673,-0.854851581
-0.935000000,-2434.661194460,11.031122645
-0.930000000,2232.903126329,-11.296642537
-0.925000000,-260.422114526,-16.655359985
-0.920000000,-288.427670281,-2.196175153
-0.915000000,1052.220485203,0.523511666
-0.910000000,-350.421983425,4.656742978
-0.905000000,4518.624162888,-8.065057382
-0.900000000,2101.594622486,16.937692103
-0.895000000,-926.635120540,-3.069125942
-0.890000000,-1022.852790470,2.219258006
-0.885000000,3353.881789307,-0.421573457
-0.880000000,1216.990670688,2.152147345
-0.875000000,463.099633429,2.334792649
-0.870000000,2982.075172518,0.426817731
-0.865000000,822.771923521,-4.124777035
-0.860000000,-516.565536392,7.545486184
-0.855000000,-4241.436937535,5.994484295
-0.850000000,1865.186280711,3.869768337
-0.845000000,1981.595388106,9.822694558
-0.840000000,-3606.259357914,-4.982517901
-0.835000000,-2950.726762865,-4.165312445
-0.830000000,285.945954174,6.513172769
-0.825000000,-4660.893946900,-5.469092921
-0.820000000,-2729.446865597,-0.445711820
-0.815000000,-2709.936657838,12.464100967
-0.810000000,-122.474020667,-7.086384211
-0.805000000,2972.409186199,7.635545756
-0.800000000,-856.401897234,-7.751549132
-0.795000000,-1738.090018072,-4.759912200
-0.790000000,-805.845830067,-1.495248441
-0.785000000,3868.801317395,-3.491494299
-0.780000000,-227.899492329,-5.036683993
-0.775000000,-3552.042330884,2.668412764
-0.770000000,1855.326406535,1.935166081
-0.765000000,-5582.159832802,2.349576574
-0.760000000,-3541.134240767,1.641724009
-0.755000000,400.640177116,1.196103126
-0.750000000,-774.622545672,-1.770210482
-0.745000000,736.185526879,2.257504900
-0.740000000,-1763.837377353,12.734428522
-0.735000000,3016.095546513,1.931287117
-0.730000000,-129.383131924,10.272227618
-0.725000000,1273.003083329,10.148735264
-0.720000000,-1182.697925025,4.430410921
-0.715000000,901.233793055,-3.623876439
-0.710000000,-223.538759947,4.817700758
-0.705000000,-3365.812530786,-2.297918387
-0.700000000,-2612.632095039,-0.060348499
-0.695000000,-1974.158806967,-2.016427012
-0.690000000,481.243971092,-9.994763907
-0.685000000,-695.119087743,-10.392756182
-0.680000000,-1759.701963495,7.663220552
-0.675000000,-1677.065623678,4.778425279
-0.670000000,2223.131976138,-0.182963084
-0.665000000,-1109.377185112,-9.539752852
-0.660000000,2871.523469687,0.465616391
-0.655000000,1183.907485856,-0.943305579
-0.650000000,-2877.683473769,13.540539928
-0.645000000,2782.126904742,-1.204071062
-0.640000000,963.805218948,2.828073689
-0.635000000,-403.040224699,3.057519671
-0.630000000,342.560278227,-4.097936410
-0.625000000,1165.696912898,-4.930243020
-0.620000000,1366.407761985,3.962820822
-0.615000000,1337.078236036,14.920380825
-0.610000000,-56.283507351,3.256431035
-0.605000000,-197.284844855,7.447844135
-0.600000000,-1308.062441980,19.578272034
-0.595000000,1737.133293521,-4.137355621
-0.590000000,-3189.629907877,7.296896168
-0.585000000,868.291087448,-1.436905176
-0.580000000,-1449.321494656,-9.425938002
-0.575000000,-538.066619226,0.379239181
-0.570000000,-1241.237158929,9.745714180
-0.565000000,718.426413413,-7.821516452
-0.560000000,232.199945391,-4.009906939
-0.555000000,-2300.984781055,-2.515132461
-0.550000000,371.314856852,-1.188770723
-0.545000000,-1843.153719248,-6.721446726
-0.540000000,-3178.892513647,-5.635995361
-0.535000000,1926.925116470,7.180336590
-0.530000000,2528.438727410,-5.343813913
-0.525000000,-4894.301493001,-5.316568862
-0.520000000,7.269724575,-1.878240868
-0.515000000,-259.752019685,6.740832327
-0.510000000,1717.733255314,13.303857844
-0.505000000,1380.051062502,-7.329003188
-0.500000000,1975.244962158,4.023892320
-0.495000000,-198.335927954,-1.446239791
-0.490000000,426.222831561,11.009667065
-0.485000000,2885.102532907,-12.589262068
-0.480000000,-1318.217548203,-5.914566599
-0.475000000,-2865.576753910,2.504300861
-0.470000000,446.466561330,4.985575159
-0.465000000,-559.114568713,2.946092873
-0.460000000,-316.206991001,-1.114919289
-0.455000000,1033.501765722,-4.650018629
-0.450000000,54.555248287,-8.868236795
-0.445000000,2296.143706190,-5.601947580
-0.440000000,5534.296495668,4.080498894
-0.435000000,1012.428904905,3.954795504
-0.430000000,-469.370879099,-7.091227189
-0.425000000,-2739.273659162,-0.676301779
-0.420000000,446.969144736,-3.083145145
-0.415000000,2577.751877250,-4.073477032
-0.410000000,772.741509745,-4.138020429
-0.405000000,-2229.348670889,-7.330400794
-0.400000000,2427.713138008,7.170292934
-0.395000000,910.588860216,-1.554035691
-0.390000000,2802.567499911,-4.452308649
-0.385000000,2953.851689029,-2.506136682
-0.380000000,1385.203684048,-0.479419778
-0.375000000,1009.823931923,17.218472135
-0.370000000,1273.446862040,-0.616493970
-0.365000000,960.809990409,0.969318665
-0.360000000,-3249.915239311,-1.594206859
-0.355000000,-2207.991043986,-7.277734471
-0.350000000,4394.407731653,2.021179014
-0.345000000,821.957081737,6.586797602
-0.340000000,1628.617160002,1.973065763
-0.335000000,-2178.160280176,-10.970359564
-0.330000000,-5351.870358585,-3.923864485
-0.325000000,-408.664482865,7.827152148
-0.320000000,-2459.047647839,6.223635219
-0.315000000,4269.485453070,-2.546071777
-0.310000000,-936.882912840,0.734199657
-0.305000000,2599.822610262,5.513822249
-0.300000000,3719.927096839,-5.702449405
-0.295000000,-403.065410364,-2.311868860
-0.290000000,-507.996717158,0.181166811
-0.285000000,-2145.984400249,9.789149041
-0.280000000,638.978913264,2.347161138
-0.275000000,-1779.367776849,-1.068880425
-0.270000000,-56.184660623,-1.598696708
-0.265000000,1318.683834417,-6.405471847
-0.260000000,-2332.559486748,1.744387301
-0.255000000,1771.247495676,-3.011376753
-0.250000000,947.583252668,10.746788898
-0.245000000,-112.044679432,6.227795250
-0.240000000,4.391755982,2.183462546
-0.235000000,1593.739901145,-3.108178561
-0.230000000,369.379075130,5.429214703
-0.225000000,-196.644384778,-3.185294880
-0.220000000,-158.756788648,7.636346441
-0.215000000,285.446940602,3.106061078
-0.210000000,2195.160687641,5.916400876
-0.205000000,268.357191618,7.257080642
-0.200000000,-1295.754133625,3.875760771
-0.195000000,-5174.886910388,-13.190960952
-0.190000000,-659.062461375,10.368856879
-0.185000000,-632.450878905,-2.487246742
-0.180000000,-478.711841311,4.177067068
-0.175000000,2129.628491940,-9.131167294
-0.170000000,-896.223959918,11.907780728
-0.165000000,2993.146270178,-1.740999727
-0.160000000,1622.201621412,8.787486005
-0.155000000,1173.146553901,-2.602275101
-0.150000000,4843.368103114,11.594127864
-0.145000000,4389.035757608,3.489555293
-0.140000000,3272.292158794,-0.685397892
-0.135000000,-1558.267882765,1.322231243
-0.130000000,-346.856553703,-9.070194308
-0.125000000,-2164.259018022,-4.147948793
-0.120000000,-770.921417774,5.783598287
-0.115000000,240.420573632,0.634747326
-0.110000000,-1308.637332926,0.356669133
-0.105000000,842.193900025,-3.685248440
-0.100000000,1227.081282499,-1.599428168
-0.095000000,2096.673720368,3.960495714
-0.090000000,409.486789647,3.816516169
-0.085000000,253.719907288,5.965125745
-0.080000000,-206.241022616,15.113959574
-0.075000000,-2141.505963732,-5.720397589
-0.070000000,-504.533932991,-0.932082389
-0.065000000,-693.477189298,13.617896892
-0.060000000,-873.885293087,-6.991764878
-0.055000000,-1165.593850974,11.354422653
-0.050000000,-614.653517226,-2.066234850
-0.045000000,2468.207950142,8.492936013
-0.040000000,460.415733099,0.747009505
-0.035000000,74.727340767,-9.550061053
-0.030000000,-1314.869238477,-4.027326848
-0.025000000,57.000026698,9.164694842
-0.020000000,-1365.400172983,3.054221099
-0.015000000,-899.193211349,15.070101373
-0.010000000,320.069918546,6.907603039
-0.005000000,-805.390182701,-4.476395998
0.000000000,-3037.323315492,-103.176837784
0.005000000,52584.243198751,-62.118674741
0.010000000,99267.904558924,16.177170975
0.015000000,148661.222342686,74.992647659
0.020000000,192507.649535124,138.743349138
0.025000000,234940.071424966,202.107624185
0.030000000,272307.351200270,274.574564273
0.035000000,314134.940413216,306.987429821
0.040000000,353217.004469243,375.496457647
0.045000000,380603.441347448,431.218959941
0.050000000,415700.140251565,484.088413118
0.055000000,448123.275705914,529.813115383
0.060000000,477376.961609963,587.829829693
0.065000000,502378.539599423,631.385316302
0.070000000,524924.990446164,672.347738408
0.075000000,549032.725303421,725.136129634
0.080000000,567599.170555981,772.775861393
0.085000000,587582.450707488,817.560842933
0.090000000,607874.162316287,863.773740121
0.095000000,622795.629406859,883.984966311
0.100000000,636656.680594466,913.577313490
0.105000000,653543.354184493,958.313217001
0.110000000,663159.524071103,993.553615447
0.115000000,673976.924331735,1022.665791510
0.120000000,685640.695848970,1044.558612246
0.125000000,695397.266419849,1067.629564460
0.130000000,697125.867375297,1105.162037281
0.135000000,706093.708771662,1127.148048519
0.140000000,701535.709681341,1153.595139919
0.145000000,710869.177713264,1146.510242099
0.150000000,715745.569337649,1176.441037114
0.155000000,715427.996080428,1184.178752806
0.160000000,713924.406433692,1187.664787640
0.165000000,717590.232900284,1207.068313133
0.170000000,716919.569494521,1212.158143631
0.175000000,712076.678852855,1216.821331863
0.180000000,715413.738559880,1229.300717890
0.185000000,711164.687984063,1217.075902368
0.190000000,710229.254287457,1224.302048265
0.195000000,701751.187548507,1215.270479119
0.200000000,702833.250538939,1231.573445698
0.205000000,697876.088983497,1234.651165997
0.210000000,694131.797011609,1224.982037961
0.215000000,692434.217343647,1208.358191639
0.220000000,684785.111028103,1211.680484925
0.225000000,683160.088451606,1216.304414317
0.230000000,675116.964022711,1217.138703054
0.235000000,675155.575769780,1203.840760042
0.240000000,667702.718354376,1196.951736725
0.245000000,665722.756544414,1186.429196977
0.250000000,660488.278942006,1199.737971606
0.255000000,658140.708096447,1200.367516016
0.260000000,655118.930769696,1199.073633555
0.265000000,653459.971318050,1184.940340292
0.270000000,649098.123411972,1193.973381336
0.275000000,650495.470844340,1186.695525423
0.280000000,647633.203890652,1184.579524231
0.285000000,645241.782153911,1190.441370425
0.290000000,647038.967002155,1187.229176935
0.295000000,646164.177743828,1192.899082725
0.300000000,643326.689278298,1199.629868687
0.305000000,641309.517519473,1199.624762356
0.310000000,648289.170942234,1210.236882102
0.315000000,647008.153128589,1207.318791319
0.320000000,648788.768897637,1224.209721493
0.325000000,658616.732120858,1233.182866398
0.330000000,657165.828052482,1250.990046818
0.335000000,661234.819225389,1260.033545455
0.340000000,666989.356940160,1272.784942829
0.345000000,672726.872368801,1289.499879218
0.350000000,674545.165933115,1312.534978441
0.355000000,679889.702535227,1334.899072826
0.360000000,685326.366998225,1349.054003896
0.365000000,695062.904255650,1372.891238387
0.370000000,697839.734392729,1402.298859014
0.375000000,702846.774432803,1437.011652268
0.380000000,710886.794133636,1443.575713822
0.385000000,718251.312499979,1457.681419993
0.390000000,722338.004447971,1482.881795090
0.395000000,733354.057745253,1516.281567019
0.400000000,737592.486051150,1555.167790458
0.405000000,746448.717201578,1563.361829243
0.410000000,751009.114540883,1598.987437064
0.415000000,760939.514842303,1623.383793718
0.420000000,764936.427245494,1655.425897110
0.425000000,775250.875251751,1679.560697825
0.430000000,778471.225001104,1714.093873883
0.435000000,784501.539550098,1723.683475580
0.440000000,787685.184534367,1765.594836874
0.445000000,795488.729375583,1777.672386183
0.450000000,800261.752912784,1816.453935223
0.455000000,808767.057279085,1827.780228415
0.460000000,810966.902712382,1865.050603383
0.465000000,812420.134189103,1893.376189139
0.470000000,821353.666789022,1903.916591998
0.475000000,819842.685055737,1926.943316923
0.480000000,822965.335597500,1955.853809847
0.485000000,827033.708111170,1965.942632764
0.490000000,828057.898859829,1998.968528267
0.495000000,827987.537445568,2006.174407436
0.500000000,829739.928056353,2027.060830036
0.505000000,831596.705237432,2048.173679125
0.510000000,833232.890076849,2046.615249259
0.515000000,831023.387575482,2055.290086497
0.520000000,826846.371199747,2068.393048546
0.525000000,828354.807984493,2072.442017154
0.530000000,824765.676682707,2075.099883871
0.535000000,822657.299145575,2075.894890035
0.540000000,816684.371462383,2090.105835923
0.545000000,814216.021768413,2091.883152138
0.550000000,808763.745364068,2080.985483385
0.555000000,804131.522412309,2091.994805200
0.560000000,802172.578692713,2099.243311713
0.565000000,796755.370755865,2088.386886044
0.570000000,793792.595667770,2066.722272413
0.575000000,783452.413077493,2071.967286824
0.580000000,779651.306188075,2075.793378648
0.585000000,769440.272549955,2078.544395000
0.590000000,764907.526211212,2053.121501266
0.595000000,761349.910064164,2049.593119570
0.600000000,756481.927954238,2035.701652546
0.605000000,749205.061839050,2018.811989966
0.610000000,741083.681891054,2010.615480086
0.615000000,736085.807836175,1984.863309405
0.620000000,725064.263000626,1982.268374984
0.625000000,720170.538685940,1977.847614110
0.630000000,716266.070976434,1959.979144215
0.635000000,707957.015661505,1947.806293511
0.640000000,701084.448114650,1907.371370625
0.645000000,694597.772678587,1914.304757077
0.650000000,692788.383790559,1901.224383865
0.655000000,685583.899621071,1888.685852940
0.660000000,674578.073992877,1865.534107083
0.665000000,673821.827847590,1854.589509062
0.670000000,673019.613404938,1846.655596217
0.675000000,664024.446043321,1837.577056101
0.680000000,662820.312442678,1815.690769084
0.685000000,660448.389966893,1813.500598219
0.690000000,657258.337624015,1819.094843025
0.695000000,649899.642870704,1807.060246166
0.700000000,654926.109274264,1796.158717691
0.705000000,655629.713477024,1788.672770029
0.710000000,651330.606271840,1781.453417494
0.715000000,648704.809215187,1773.006923153
0.720000000,651019.606372353,1773.380605680
0.725000000,656161.011607074,1771.003255790
0.730000000,653128.831706702,1779.578253824
0.735000000,651742.520623792,1770.307838120
0.740000000,656733.890744460,1780.530282213
0.745000000,657816.915657439,1782.164637573
0.750000000,660517.520716968,1789.520292322
0.755000000,661795.058010920,1813.943362986
0.760000000,663979.111037594,1814.845035781
0.765000000,672844.517268053,1813.900258317
0.770000000,678056.503107424,1828.006451872
0.775000000,679929.102802212,1832.122167789
0.780000000,685189.565195759,1844.546354294
0.785000000,688468.787965417,1866.946802610
0.790000000,690915.563980649,1874.732360962
0.795000000,695116.542537329,1894.643990500
0.800000000,703077.906415716,1897.621747345
0.805000000,705446.138875964,1903.776225887
0.810000000,714136.818304871,1936.012689889
0.815000000,713243.749399760,1948.491652559
0.820000000,721980.972383839,1967.629262348
0.825000000,726631.577060887,1990.173650415
0.830000000,731086.166024462,2001.016062731
0.835000000,735394.553655612,2003.418673089
0.840000000,740992.821002483,2043.200143194
0.845000000,742496.528112315,2051.200607478
0.850000000,748293.036797643,2065.251355233
0.855000000,752381.134990514,2082.988017052
0.860000000,755150.544200004,2108.419993831
0.865000000,761674.188462239,2114.026439275
0.870000000,764405.372989062,2131.457803195
0.875000000,766650.727194266,2130.936279080
0.880000000,771261.127942284,2145.785874776
0.885000000,771099.650598545,2159.142483844
0.890000000,771226.887448702,2184.188843793
0.895000000,772364.195221097,2193.479864643
0.900000000,775220.480314238,2204.734048658
0.905000000,777257.719651487,2213.709208082
0.910000000,771827.965198560,2214.069479811
0.915000000,777828.715480251,2225.042150788
0.920000000,773908.254956387,2240.724493062
0.925000000,774875.679157091,2228.813400171
0.930000000,776208.600267842,2233.359200836
0.935000000,770719.951871257,2237.195513800
0.940000000,768084.694236660,2245.415629097
0.945000000,765379.014712655,2238.359591012
0.950000000,765151.595575160,2238.929216073
0.955000000,758426.253260597,2237.171515315
0.960000000,754772.169068069,2238.510089841
0.965000000,751663.927658115,2231.142175779
0.970000000,745074.831743571,2214.970832652
0.975000000,745066.437962616,2213.924975780
0.980000000,738792.812325888,2213.424690699
0.985000000,733765.862171037,2198.549269222
0.990000000,730119.586864634,2186.814095640
0.995000000,723174.277091272,2176.939641814
1.000000000,720004.419743361,2164.090104056
1.005000000,714352.098764916,2160.003991719
1.010000000,712357.947229993,2135.428712629
1.015000000,703002.332297443,2128.558537765
1.020000000,699654.406987184,2107.883750321
1.025000000,693624.131946072,2111.076723850
1.030000000,690152.034326456,2083.586688898
1.035000000,681113.844955252,2066.453962981
1.040000000,676212.277751244,2046.799129367
1.045000000,673794.152015721,2056.258505775
1.050000000,667136.938067135,2033.318305547
1.055000000,663959.225874116,2005.792719801
1.060000000,661018.269812165,1997.292242197
1.065000000,656657.826123277,1993.495023801
1.070000000,649226.196512599,1969.941333563
1.075000000,648125.191108963,1961.657954761
1.080000000,643041.681298448,1944.998113912
1.085000000,639743.189631847,1942.166124748
1.090000000,639740.633449645,1925.159223503
1.095000000,633923.170150543,1917.755031347
1.100000000,630863.880657712,1915.834111241
1.105000000,634835.801076078,1902.417096911
1.110000000,631706.715591854,1899.810703363
1.115000000,628090.889770278,1894.752183699
1.120000000,626581.062189233,1885.453740429
1.125000000,629785.994459601,1879.798367744
1.130000000,621788.325119031,1878.106623084
1.135000000,627782.929554994,1871.298632556
1.140000000,631811.050783430,1871.936045270
1.145000000,629604.639999651,1871.050697709
1.150000000,633628.832169087,1857.929758210
1.155000000,638755.462405033,1874.291184576
1.160000000,638876.852213435,1875.941871723
1.165000000,641608.959467310,1877.661669875
1.170000000,634847.811759813,1879.002935999
1.175000000,644296.967841597,1887.571725097
1.180000000,646487.256726029,1872.993980296
1.185000000,650554.260016182,1900.947868142
1.190000000,655921.261779338,1906.652387171
1.195000000,661144.412346890,1920.028897288
1.200000000,661376.217265868,1926.963985802
1.205000000,663509.037305991,1938.298055394
1.210000000,666463.949386304,1939.718695721
1.215000000,669483.489554681,1952.684816586
1.220000000,675483.734776562,1974.714285604
1.225000000,678236.561185242,1983.247578077
1.230000000,680651.438311747,1989.800634487
1.235000000,688823.065643827,1995.450175419
1.240000000,688191.978009605,2027.313971386
1.245000000,697429.188271149,2020.812335552
1.250000000,700526.942356922,2046.012504131
1.255000000,701403.892142228,2057.166911400
1.260000000,705143.017025674,2073.930132496
1.265000000,708244.883895681,2063.474369182
1.270000000,710347.415665638,2092.215901622
1.275000000,716458.465198437,2098.397983763
1.280000000,718319.105677616,2118.283879753
1.285000000,711968.149515654,2122.333462320
1.290000000,718026.557366932,2128.251084207
1.295000000,718004.480835841,2139.951138192
1.300000000,725091.939228366,2143.336825823
1.305000000,718085.651353945,2167.687685434
1.310000000,723788.391306667,2167.162178344
1.315000000,724477.973220085,2169.316247571
1.320000000,723146.906379740,2173.224729697
1.325000000,723539.453180223,2173.303116100
1.330000000,720150.414938369,2185.260855967
1.335000000,722989.374950742,2178.627735731
1.340000000,721540.582642039,2182.027950800
1.345000000,719499.964800081,2189.256438410
1.350000000,717543.378914608,2176.720265045
1.355000000,713400.435537817,2174.331352487
1.360000000,714476.900730398,2174.540028756
1.365000000,710323.202904496,2165.994790938
1.370000000,704142.123925113,2171.846958499
1.375000000,699081.986137375,2156.260413364
1.380000000,700924.597088306,2144.065399939
1.385000000,695015.810240288,2152.671129888
1.390000000,690498.114259031,2142.657453416
1.395000000,688810.578571967,2119.346008331
1.400000000,686893.960785644,2109.094486545
1.405000000,677600.069225310,2109.051150851
1.410000000,677044.584441900,2107.433912870
1.415000000,671088.983851599,2081.626647199
1.420000000,665580.667027881,2078.955129918
1.425000000,663282.115239386,2076.152795548
1.430000000,655476.925006065,2054.513874164
1.435000000,655278.358633836,2035.910646515
1.440000000,652036.080964051,2023.482398793
1.445000000,651559.264453822,2010.552444880
1.450000000,641807.628041428,2023.037977574
1.455000000,639996.103885119,1996.044507164
1.460000000,637436.697324532,1973.089626738
1.465000000,632327.208349590,1969.279099539
1.470000000,626446.254371600,1955.189347356
1.475000000,625179.045162222,1955.086605314
1.480000000,622141.155479983,1936.726531186
1.485000000,615294.461072268,1934.134734036
1.490000000,618530.853551567,1905.804561649
1.495000000,616564.280806286,1901.391311020
1.500000000,614385.324875786,1892.188228624
1.505000000,608899.419468497,1885.538758978
1.510000000,611941.729844872,1875.332614354
1.515000000,607511.687513703,1874.032593744
1.520000000,603955.187999896,1863.687175311
1.525000000,606742.161168233,1850.243456295
1.530000000,604911.166825835,1854.967599947
1.535000000,606074.474380778,1846.581279005
1.540000000,610108.718281115,1846.215406670
1.545000000,603646.461502607,1844.861469756
1.550000000,608684.804934330,1847.145424580
1.555000000,609420.936875599,1851.308711377
1.560000000,610911.249008373,1846.601350616
1.565000000,610819.605644872,1845.439622144
1.570000000,608722.193217089,1849.970647637
1.575000000,610122.652081152,1836.625290247
1.580000000,611657.084384582,1846.916871698
1.585000000,613588.375999541,1858.114019109
1.590000000,617990.086265562,1858.956735663
1.595000000,621610.460377530,1871.059896654
1.600000000,625061.842697571,1884.515314748
1.605000000,628542.683987367,1870.638533012
1.610000000,630125.611516854,1885.301233417
1.615000000,635865.044586231,1886.347592231
1.620000000,636373.865926815,1910.873817484
1.625000000,635429.603956509,1913.069200469
1.630000000,642097.915736211,1920.465826690
1.635000000,643611.830939774,1923.651437429
1.640000000,646723.967039489,1935.745852099
1.645000000,650814.804201576,1952.581477241
1.650000000,656019.271578413,1962.006957328
1.655000000,656247.350404974,1961.435421000
1.660000000,658782.988314240,1970.055047600
1.665000000,661105.520878754,1980.993952107
1.670000000,664683.793737859,1998.757719470
1.675000000,665566.891610751,1987.320936459
1.680000000,664821.722528542,2000.393439130
1.685000000,667466.000850127,2029.910516500
1.690000000,673266.645245118,2027.604214826
1.695000000,674394.568626883,2033.309101984
1.700000000,675525.161214395,2038.831000978
1.705000000,677280.554913395,2050.696265044
1.710000000,675268.750354900,2037.089904908
1.715000000,677265.411185875,2051.257865613
1.720000000,677853.275936076,2058.707983145
1.725000000,673893.589327090,2071.620464819
1.730000000,680736.872601075,2064.684581121
1.735000000,678573.815587872,2069.568031896
1.740000000,678402.362037705,2073.471978591
1.745000000,674780.217169238,2080.936180864
1.750000000,672200.244842998,2070.837033854
1.755000000,670900.134942961,2072.268672030
1.760000000,671489.947243311,2085.919453219
1.765000000,665666.339471093,2066.488308495
1.770000000,668446.984826113,2064.566592087
1.775000000,665387.756173196,2057.867972165
1.780000000,663306.561261617,2063.652292623
1.785000000,659490.484170377,2048.765133880
1.790000000,656291.323716720,2054.758646250
1.795000000,651165.618042714,2053.422149687
1.800000000,646912.872362254,2034.809940748
1.805000000,650027.377704064,2024.721834614
1.810000000,642473.187956480,2012.136887093
1.815000000,637923.593701750,2024.983508551
1.820000000,639463.337465843,2004.454107261
1.825000000,635313.063978895,1985.766112516
1.830000000,629813.465379184,1992.076466830
1.835000000,626195.468241920,1982.267009218
1.840000000,624908.481629870,1962.813424756
1.845000000,621571.426962139,1949.790133035
1.850000000,617198.621773388,1949.447952808
1.855000000,614543.678056921,1938.057442523
1.860000000,613386.626144140,1919.357304962
1.865000000,608677.523337483,1927.561808062
1.870000000,601946.547716779,1906.564669544
1.875000000,601248.123868030,1892.858914020
1.880000000,600977.065511155,1882.908629992
1.885000000,596934.016748699,1864.837624319
1.890000000,597567.680415373,1867.309718893
1.895000000,589013.391359369,1854.070062289
1.900000000,589557.143244058,1852.684466516
1.905000000,587952.761165629,1826.632186573
1.910000000,587589.430708406,1829.177733570
1.915000000,587311.183375026,1824.723678832
1.920000000,584258.324304476,1810.615268819
1.925000000,581930.697234077,1809.879482382
1.930000000,577456.439171761,1805.376209996
1.935000000,580425.425137104,1794.781693758
1.940000000,581291.136007003,1794.479279737
1.945000000,580908.786325592,1795.465312762
1.950000000,576336.459169204,1789.319080957
1.955000000,576945.004484735,1779.761672777
1.960000000,579871.823257575,1789.777546901
1.965000000,583354.164430172,1788.693535179
1.970000000,581263.581564471,1784.668278094
1.975000000,581880.650745454,1782.929792520
1.980000000,585868.581871655,1778.504886183
1.985000000,588324.052321182,1782.933033080
1.990000000,588211.532399796,1793.134267179
1.995000000,588007.565617384,1786.853671701
2.000000000,597358.224855015,1794.340536053
2.005000000,592718.773052848,1813.677803747
2.010000000,595850.452511065,1806.709328408
2.015000000,599186.759031817,1801.945198630
2.020000000,599256.485103841,1824.925684341
2.025000000,604269.634188262,1812.000875345
2.030000000,609793.769739294,1830.271406906
2.035000000,606096.300334155,1842.378850261
2.040000000,611370.236698108,1843.149537411
2.045000000,610712.783875009,1856.900507479
2.050000000,613598.883995629,1858.363060441
2.055000000,615879.531375424,1873.499797786
2.060000000,613698.353561175,1877.853852360
2.065000000,616860.900275234,1878.395029049
2.070000000,616736.931492358,1877.806655216
2.075000000,624981.390687564,1886.200544981
2.080000000,623781.125135931,1902.843301957
2.085000000,626278.924519556,1899.441547114
2.090000000,625080.617510267,1917.601661673
2.095000000,629332.141675376,1919.115626738
2.100000000,629027.534733386,1935.932478816
2.105000000,631496.678216500,1941.552504624
2.110000000,636991.412771628,1937.715243847
2.115000000,635954.246649361,1944.569187776
2.120000000,636221.229079912,1953.582676130
2.125000000,630748.014678589,1952.872697185
2.130000000,630582.296043362,1943.497263487
2.135000000,637241.897841789,1947.481584252
2.140000000,638043.131818055,1950.640599012
2.145000000,628927.769208207,1967.048430401
2.150000000,634718.893491917,1959.896690835
2.155000000,630858.366276555,1964.716371696
2.160000000,631196.876858607,1972.104485724
2.165000000,627893.905261692,1954.213329072
2.170000000,628283.975186123,1964.011390692
2.175000000,629527.822578901,1969.104018287
2.180000000,624307.255857186,1961.406617064
2.185000000,623603.113820124,1953.694310748
2.190000000,621590.880605094,1944.599470405
2.195000000,618355.647883394,1947.567666828
2.200000000,616452.089871843,1943.859098529
2.205000000,615530.607096023,1932.679425591
2.210000000,612009.178967387,1931.313874860
2.215000000,613320.563678374,1911.449031526
2.220000000,611666.811581480,1902.962856052
2.225000000,604294.667385162,1897.469795646
2.230000000,600807.193558125,1899.608721206
2.235000000,598701.084347737,1885.982894240
2.240000000,595601.232170772,1871.338626480
2.245000000,591337.995752977,1884.205162895
2.250000000,592258.391119084,1869.148833884
2.255000000,588627.992728801,1853.936658000
2.260000000,582824.019695725,1860.414372931
2.265000000,582050.700758113,1838.548979268
2.270000000,577677.652898575,1832.793963180
2.275000000,573435.689793102,1823.539491930
2.280000000,572051.077939092,1819.986472115
2.285000000,573518.610714414,1807.963377650
2.290000000,573470.667006548,1795.352622192
2.295000000,568842.855714652,1784.523430878
2.300000000,567954.536433626,1778.460461209
2.305000000,567276.880298583,1765.792178915
2.310000000,564434.064351004,1771.903234441
2.315000000,561078.751945974,1757.653773513
2.320000000,558164.660593417,1765.111684753
2.325000000,559480.985317516,1753.652971711
2.330000000,557473.463293688,1732.430552346
2.335000000,558133.547317033,1736.084649620
2.340000000,559260.530736928,1731.141839376
2.345000000,555866.625724611,1731.547195207
2.350000000,556637.064469977,1723.816279942
2.355000000,560523.164980998,1725.739171442
2.360000000,558154.434709017,1725.870535294
2.365000000,554821.449461226,1723.767344983
2.370000000,557642.168475542,1709.043858006
2.375000000,560839.350993034,1720.343295210
2.380000000,558785.347801087,1716.857282296
2.385000000,556879.472109284,1719.859144860
2.390000000,558842.643305104,1717.219106377
2.395000000,561315.424434454,1731.709018064
2.400000000,561786.430086910,1717.427997257
2.405000000,567612.356949828,1731.185444790
2.410000000,565536.373646695,1734.096658509
2.415000000,562810.780045505,1729.058052357
2.420000000,564306.184823219,1736.659673369
2.425000000,565220.579064894,1739.131580374
2.430000000,569996.785111981,1754.157082152
2.435000000,574216.985977961,1749.998562789
2.440000000,572015.427282031,1748.852115789
2.445000000,576358.768277850,1763.004782924
2.450000000,575888.290382495,1769.001746552
2.455000000,579777.123553402,1773.229544210
2.460000000,578105.760631654,1767.987860146
2.465000000,580469.413025360,1793.985303739
2.470000000,584428.049360007,1794.487542691
2.475000000,584400.316905704,1796.485255173
2.480000000,586488.187543725,1802.885682001
2.485000000,591082.690859950,1810.338781811
2.490000000,594311.150786170,1806.849873038
2.495000000,591861.187461979,1823.570364402
2.500000000,590087.096741033,1830.551772385
2.505000000,597461.541125778,1822.730210476
2.510000000,595321.098646917,1826.689386461
2.515000000,594471.825684830,1836.606951758
2.520000000,597618.637629807,1853.641729173
2.525000000,599854.288680735,1847.184577616
2.530000000,597311.620156065,1856.988677986
2.535000000,596416.908589839,1849.687333370
2.540000000,597036.474780957,1845.338623858
2.545000000,596706.384173428,1852.176028984
2.550000000,595759.831078790,1864.097165867
2.555000000,591978.444688294,1867.186374402
2.560000000,594471.845800752,1849.914955087
2.565000000,595165.374412742,1849.657299444
2.570000000,590324.384506785,1857.688179997
2.575000000,589370.262425070,1851.373944246
2.580000000,592055.363546313,1859.876900296
2.585000000,585428.691606107,1851.838997578
2.590000000,585830.941960534,1863.390062979
2.595000000,584731.864278710,1843.980873465
2.600000000,586145.282093940,1832.415073684
2.605000000,585251.560339676,1836.534106025
2.610000000,581036.816543599,1829.434726630
2.615000000,573197.216214349,1831.126492522
2.620000000,575080.135842016,1829.764631697
2.625000000,573045.624418325,1821.159814917
2.630000000,573373.508455439,1821.667145449
2.635000000,570533.227489783,1806.599570054
2.640000000,567950.644683769,1802.639390489
2.645000000,566448.665913324,1791.255410257
2.650000000,565187.509398794,1785.221525399
2.655000000,564913.280670295,1779.529116046
2.660000000,557180.048875157,1791.425470917
2.665000000,555520.139426602,1770.568146535
2.670000000,550241.226577064,1753.093781981
2.675000000,551146.443932703,1757.263402393
2.680000000,551120.933849449,1744.602269083
2.685000000,551500.508018477,1739.358449795
2.690000000,549071.058720696,1724.794127384
2.695000000,545452.695438294,1719.656584619
2.700000000,541119.010922519,1712.558208422
2.705000000,542471.698776341,1702.718491985
2.710000000,539070.903377243,1705.328000716
2.715000000,532872.130413136,1696.973818381
2.720000000,534543.285872168,1698.551782748
2.725000000,535141.933844334,1680.115736845
2.730000000,530671.658398730,1680.950591975
2.735000000,529926.928679726,1673.176829871
2.740000000,533621.802666230,1670.220617236
2.745000000,531469.434640914,1667.459943703
2.750000000,530706.004631420,1664.389576952
2.755000000,527572.735072203,1656.714561273
2.760000000,536649.379063061,1662.357904273
2.765000000,532922.999201805,1639.417302210
2.770000000,529278.301808335,1654.169978332
2.775000000,533400.465557166,1654.591164192
2.780000000,529571.951958205,1650.344711474
2.785000000,533105.450039213,1664.606769931
2.790000000,528860.870595746,1654.886426172
2.795000000,533360.492154078,1650.350805233
2.800000000,536095.837688570,1668.067349741
2.805000000,535234.139674761,1653.404962276
2.810000000,532144.753830100,1656.367686759
2.815000000,540837.500297888,1651.381141738
2.820000000,536155.551954878,1654.210874582
2.825000000,536378.269363242,1656.514034321
2.830000000,541375.452159709,1659.600528427
2.835000000,539381.639179661,1671.875493587
2.840000000,544794.203470546,1666.447114667
2.845000000,542386.519482952,1682.045517618
2.850000000,543464.488398109,1679.998344245
2.855000000,544003.515946852,1690.029111097
2.860000000,549048.242898451,1692.084076529
2.865000000,542649.526199303,1691.080874093
2.870000000,552115.930776086,1706.439699960
2.875000000,550057.817358856,1699.866690330
2.880000000,553099.903531265,1710.921239781
2.885000000,553185.905935884,1730.057997511
2.890000000,551930.146884228,1719.154330442
2.895000000,553385.886497994,1727.785472481
2.900000000,553914.116488378,1718.031694891
2.905000000,556576.715813341,1739.428930458
2.910000000,559032.022464952,1746.478400833
2.915000000,554392.433740464,1733.854857608
2.920000000,557789.567262382,1755.670790771
2.925000000,560656.949445558,1743.483203453
2.930000000,561443.366063006,1743.781268250
2.935000000,556346.125331742,1754.048751055
2.940000000,559806.083396642,1755.532810207
2.945000000,561456.833947596,1754.518832719
2.950000000,559779.292878486,1753.039778585
2.955000000,558941.286638619,1761.577469933
2.960000000,557368.923070616,1758.110630907
2.965000000,553842.576095802,1752.018068813
2.970000000,558683.684950786,1757.537155550
2.975000000,552957.070041103,1748.478274888
2.980000000,557456.419459061,1762.484284658
2.985000000,554560.931819451,1754.127908093
2.990000000,556816.362561451,1762.584129075
2.995000000,553477.412116096,1751.856576990
3.000000000,553532.344291568,1754.818828229
3.005000000,552158.349007986,1744.418747441
3.010000000,548124.386168544,1746.605916709
3.015000000,548928.259085530,1734.487797564
3.020000000,545846.699527369,1736.539819747
3.025000000,544510.386503042,1734.064913681
3.030000000,543966.272021598,1734.108454984
3.035000000,539647.350617605,1733.195375568
3.040000000,541448.327134953,1709.772685314
3.045000000,540976.431076914,1708.646632555
3.050000000,534233.028504462,1711.618027150
3.055000000,535640.686974075,1697.447348292
3.060000000,531114.218107736,1696.427526752
3.065000000,530071.541672426,1688.426279165
3.070000000,529471.535394942,1681.687977936
3.075000000,525749.616278581,1685.750694880
3.080000000,525283.992910762,1678.977147251
3.085000000,523859.342634863,1669.440393369
3.090000000,523541.487154300,1657.901777136
3.095000000,516098.771245107,1657.376781678
3.100000000,518383.198348973,1647.558316665
3.105000000,518389.220169972,1645.324256826
3.110000000,515290.967671615,1632.430736623
3.115000000,515376.980082161,1629.152193075
3.120000000,514450.530962143,1624.644321506
3.125000000,511636.135070090,1627.048606632
3.130000000,514673.866540476,1605.277786951
3.135000000,512573.349087250,1618.106069677
3.140000000,506354.861027699,1611.554427276
3.145000000,505507.076865955,1605.121727736
3.150000000,509208.281433337,1591.396483765
3.155000000,507668.109329529,1604.746895549
3.160000000,511294.408183396,1596.666733988
3.165000000,506133.210160924,1589.373777830
3.170000000,505659.219220838,1589.679924784
3.175000000,500973.959278761,1583.449611555
3.180000000,505420.786109240,1597.936208205
3.185000000,503355.875895008,1592.292369200
3.190000000,503202.770666829,1587.606683739
3.195000000,510369.316480506,1587.061032269
3.200000000,509208.885546279,1585.037737019
3.205000000,508709.975527044,1595.985570902
3.210000000,505783.985495124,1572.057624895
3.215000000,509919.506531252,1577.371859570
3.220000000,507207.935220470,1592.605005328
3.225000000,509175.866494488,1584.527437484
3.230000000,514038.914424197,1595.072427519
3.235000000,508593.458005153,1592.087061401
3.240000000,513498.510277262,1601.138729284
3.245000000,514769.589481645,1597.415768629
3.250000000,514875.484739044,1590.454023097
3.255000000,515238.976496852,1619.150577570
3.260000000,514793.226623826,1608.682049769
3.265000000,514920.360671664,1620.841510435
3.270000000,519427.259964584,1623.249785658
3.275000000,525437.161945821,1625.345401743
3.280000000,520573.887128722,1626.453004373
3.285000000,517864.564300716,1628.923485973
3.290000000,519532.898849606,1620.106748792
3.295000000,522496.384248604,1632.611343947
3.300000000,523154.931508220,1653.688691013
3.305000000,522559.102920344,1645.331514172
3.310000000,524974.818545902,1636.761831497
3.315000000,524390.894981835,1656.448910741
3.320000000,527120.035981711,1659.126840814
3.325000000,525118.405312382,1656.087266073
3.330000000,526888.379409510,1657.007402625
3.335000000,523306.691800863,1658.301994250
3.340000000,528212.861893537,1663.165366055
3.345000000,530436.233155458,1672.690579214
3.350000000,527472.361830392,1669.269388016
3.355000000,527765.384462381,1678.928025584
3.360000000,525383.717936711,1670.116835490
3.365000000,528559.881722715,1676.750352658
3.370000000,529771.764904800,1674.040685511
3.375000000,525615.645681940,1670.542402913
3.380000000,524698.429087805,1676.666789646
3.385000000,527065.994258148,1674.245804405
3.390000000,523293.264594474,1668.040174426
3.395000000,521024.713203304,1666.824789832
3.400000000,521293.905061943,1664.161835239
3.405000000,519100.491969297,1660.326096866
3.410000000,521378.587861320,1664.099872964
3.415000000,517752.558904945,1657.718875225
3.420000000,517759.133158438,1668.691443874
3.425000000,514116.376092542,1671.780030374
3.430000000,514253.080465819,1649.127252977
3.435000000,512067.080080197,1641.202281738
3.440000000,509718.174177588,1651.298218763
3.445000000,509397.918600465,1637.483289830
3.450000000,508498.710584190,1643.408471593
3.455000000,509269.222082078,1627.437287072
3.460000000,511897.731540045,1627.572304842
3.465000000,507310.277895238,1607.421311138
3.470000000,502871.450912463,1605.618158926
3.475000000,500716.961389110,1599.847309704
3.480000000,499577.075395646,1590.396317095
3.485000000,497464.679429807,1587.492722673
3.490000000,502439.786831751,1595.667625501
3.495000000,494941.161360949,1600.463372178
3.500000000,492080.781319464,1580.350983508
3.505000000,491486.245003212,1576.912048698
3.510000000,488249.544958341,1576.044898946
3.515000000,491442.869976913,1566.570708586
3.520000000,490593.810368787,1556.925556267
3.525000000,490573.756184679,1558.686711149
3.530000000,486533.290746833,1557.902838799
3.535000000,482853.633334871,1553.719425600
3.540000000,484876.065540655,1551.168761718
3.545000000,486715.033590207,1533.004781126
3.550000000,487658.845436597,1549.857871741
3.555000000,483955.585385279,1546.197241107
3.560000000,486072.094133114,1536.912146292
3.565000000,482401.487045225,1525.413973745
3.570000000,479980.175483578,1517.262871714
3.575000000,481468.606498579,1518.717924499
3.580000000,480878.731697119,1527.301740550
3.585000000,484439.320891496,1513.708665484
3.590000000,479607.668117129,1524.372075087
3.595000000,483259.273836745,1515.380791213
3.600000000,482985.223846345,1521.484834011
3.605000000,482555.591042951,1519.083095893
3.610000000,485164.746742374,1530.026143074
3.615000000,485275.424768762,1511.927074110
3.620000000,481197.173914231,1528.303843168
3.625000000,485675.775360895,1529.540972146
3.630000000,485241.228179359,1518.538674225
3.635000000,486264.387309522,1507.837516444
3.640000000,485323.762103790,1519.239564732
3.645000000,487115.501971117,1527.755546456
3.650000000,488051.892224503,1529.751085131
3.655000000,488797.664733744,1527.122237908
3.660000000,488660.583013097,1528.063340357
3.665000000,487855.800470511,1538.363781160
3.670000000,488316.868115672,1541.868405484
3.675000000,493155.503183094,1544.466420749
3.680000000,488851.375104924,1543.970243361
3.685000000,491960.925841238,1548.587513915
3.690000000,494403.271747274,1553.204123959
3.695000000,492393.142949042,1552.566172623
3.700000000,490048.308855154,1555.933611945
3.705000000,491363.633514258,1556.131147198
3.710000000,493932.401837883,1566.517421630
3.715000000,496922.972698364,1568.928690567
3.720000000,496093.063160978,1558.011898775
3.725000000,496151.250471907,1574.519491039
3.730000000,491800.951283334,1575.351423105
3.735000000,494922.292498973,1574.789083183
3.740000000,497505.054796352,1577.536726812
3.745000000,494428.962281779,1568.373169667
3.750000000,496380.482010575,1563.524555460
3.755000000,497300.510391930,1584.531131624
3.760000000,497690.152190187,1586.912004175
3.765000000,493960.421826057,1583.452402023
3.770000000,496323.336589582,1578.047125680
3.775000000,496247.512396504,1582.196443447
3.780000000,494993.294198314,1594.332288865
3.785000000,491630.514073683,1587.826471499
3.790000000,496294.641898938,1580.719276473
3.795000000,494970.972908408,1594.382056477
3.800000000,497624.170002288,1577.528519943
3.805000000,494535.966224498,1576.246136852
3.810000000,493960.084715857,1580.361093029
3.815000000,492356.067798870,1569.583667696
3.820000000,493104.172637429,1565.364471053
3.825000000,486922.531782298,1569.151439562
3.830000000,484847.475352858,1576.012827958
3.835000000,488891.638306744,1561.931261606
3.840000000,484424.952485298,1571.974313829
3.845000000,482291.336288243,1564.104651541
3.850000000,483926.055503258,1557.009193674
3.855000000,480614.732713994,1550.667984744
3.860000000,483042.449381684,1565.895103146
3.865000000,482596.794855771,1544.053263596
3.870000000,481886.752117576,1530.349093100
3.875000000,477989.160447503,1544.505828417
3.880000000,478362.999091342,1538.024375511
3.885000000,476021.474404635,1523.377305423
3.890000000,475795.665228567,1533.848591205
3.895000000,475070.869043245,1509.419775643
3.900000000,472284.135186162,1518.122246009
3.905000000,471499.751782380,1504.885699097
3.910000000,471746.931167458,1505.239394075
3.915000000,464823.946630836,1503.991745972
3.920000000,471870.835024755,1502.057463535
3.925000000,465335.217685631,1485.154428915
3.930000000,462928.579856300,1507.907361242
3.935000000,465931.064910027,1489.801207825
3.940000000,459624.974915336,1488.750307117
3.945000000,464914.996258404,1481.486763030
3.950000000,463615.887209961,1466.481502457
3.955000000,461352.149609252,1476.913233788
3.960000000,460332.639079519,1470.142600655
3.965000000,466362.160964885,1467.647538155
3.970000000,460671.774878663,1468.143159368
3.975000000,458702.378472225,1470.098578466
3.980000000,459195.493603052,1454.238639817
3.985000000,457195.373867298,1468.565219625
3.990000000,455083.959363715,1461.175234317
3.995000000,456424.345644091,1451.238985066
4.000000000,458817.816063951,1447.545835507
4.005000000,459309.008385639,1454.140488670
4.010000000,463800.049132506,1454.826265619
4.015000000,458617.801362222,1460.173076850
4.020000000,456449.120252874,1453.201350488
4.025000000,458845.556915759,1449.753808102
4.030000000,460867.546401193,1452.463844080
4.035000000,459559.540438015,1456.010131824
4.040000000,462677.889243234,1449.623354172
4.045000000,460853.751973667,1458.419466342
4.050000000,459540.422624281,1458.261182185
4.055000000,458875.023744913,1449.696722440
4.060000000,460196.993587889,1455.032506326
4.065000000,463814.831612673,1467.905651822
4.070000000,461983.169332263,1458.919329381
4.075000000,460478.367405739,1464.709620677
4.080000000,468890.669396834,1461.583669085
4.085000000,467329.368960191,1481.138651375
4.090000000,461405.791958951,1478.106686504
4.095000000,465105.002163481,1472.875705474
4.100000000,469466.453957239,1475.440935771
4.105000000,466734.584229591,1489.045096311
4.110000000,467452.258354215,1489.194272621
4.115000000,466621.009722051,1485.968432738
4.120000000,468045.929833043,1491.459679759
4.125000000,469416.364607798,1490.025039564
4.130000000,466806.449149045,1490.717669180
4.135000000,467375.094237290,1489.917789119
4.140000000,470930.071652898,1500.968220023
4.145000000,465232.448287812,1502.171594379
4.150000000,467432.370350867,1493.370823406
4.155000000,464998.272652881,1506.374682941
4.160000000,468730.950402672,1505.008400899
4.165000000,470850.864473434,1493.872893839
4.170000000,466022.350847765,1501.064095090
4.175000000,465066.532614797,1496.737751385
4.180000000,465922.167218492,1501.798339598
4.185000000,469729.326059986,1498.886157604
4.190000000,467129.846960342,1508.889973101
4.195000000,465162.959408943,1508.700706868
4.200000000,466160.340544029,1506.853187375
4.205000000,468391.246641852,1492.380037056
4.210000000,463164.924986901,1491.413527118
4.215000000,469093.868569856,1496.557685527
4.220000000,464562.610848973,1489.521554816
4.225000000,464160.387867113,1478.990466470
4.230000000,462391.465026073,1492.497748798
4.235000000,458854.815220010,1486.305432584
4.240000000,463368.220720116,1485.409151538
4.245000000,461443.385813692,1491.696484759
4.250000000,456668.864932867,1484.987932244
4.255000000,457961.386990073,1476.112103792
4.260000000,458647.548203397,1487.372810327
4.265000000,455921.427352623,1485.953447609
4.270000000,453703.953752711,1464.219054222
4.275000000,457836.313336918,1483.036599071
4.280000000,450622.874314634,1458.531889430
4.285000000,452073.199299879,1455.362716544
4.290000000,449328.483988282,1465.368847690
4.295000000,448016.583360510,1459.127066446
4.300000000,447488.225455173,1444.193549528
4.305000000,449139.284032220,1458.494804067
4.310000000,446851.495534705,1438.549093609
4.315000000,447136.916955758,1444.412833123
4.320000000,446726.791081664,1442.489034520
4.325000000,444075.924425083,1427.781993909
4.330000000,443751.477931681,1437.035612955
4.335000000,447022.195032211,1425.057897973
4.340000000,445492.621286384,1419.969967914
4.345000000,439093.299057060,1404.963367036
4.350000000,440733.456529387,1423.743072290
4.355000000,439529.068617877,1412.128673469
4.360000000,437717.535783134,1410.544407759
4.365000000,439359.557917081,1410.150852171
4.370000000,441862.893370240,1407.232554163
4.375000000,438164.049129025,1397.775578629
4.380000000,440475.536454503,1400.755621707
4.385000000,440713.813973948,1406.860833800
4.390000000,434976.908099985,1393.577009109
4.395000000,432347.447694690,1388.628765341
4.400000000,433816.894987245,1404.143971774
4.405000000,435165.974214521,1395.365153382
4.410000000,437179.963432667,1387.326929658
4.415000000,434667.819624401,1385.468856970
4.420000000,436951.771769935,1396.045176295
4.425000000,438556.789446321,1397.336073777
4.430000000,438015.089413339,1392.984976801
4.435000000,437361.372745443,1384.453802966
4.440000000,435689.995366738,1390.076358867
4.445000000,438923.037372719,1396.325167203
4.450000000,436128.050725894,1380.493715298
4.455000000,436873.678664196,1400.530801794
4.460000000,437621.009890925,1401.927772487
4.465000000,436270.793552683,1387.919258976
4.470000000,440437.426627201,1399.849653456
4.475000000,435988.798667984,1410.809059064
4.480000000,439710.705815428,1406.187917798
4.485000000,439094.581440700,1405.961967749
4.490000000,441659.879220770,1396.560122164
4.495000000,442415.525785340,1406.172205358
4.500000000,442817.274429340,1416.792383588
4.505000000,441910.485268481,1406.148578877
4.510000000,439406.915733449,1417.121755436
4.515000000,442040.189390655,1412.128465617
4.520000000,442436.875948086,1415.218274106
4.525000000,440198.109558777,1419.912794820
4.530000000,440422.776557341,1407.500065284
4.535000000,442899.268972277,1419.655464574
4.540000000,440305.343038000,1405.870317039
4.545000000,441876.112116753,1415.251503022
4.550000000,441907.763220036,1412.695851084
4.555000000,442099.917518483,1430.132392223
4.560000000,442100.426253029,1422.304316767
4.565000000,441829.755698154,1432.078699740
4.570000000,448139.230307205,1425.322295269
4.575000000,439083.059090697,1424.252758442
4.580000000,441098.440336427,1421.409916057
4.585000000,439752.637004375,1428.512763485
4.590000000,443163.711520071,1417.143441901
4.595000000,445338.784176662,1430.806704113
4.600000000,438951.856385343,1430.627364775
4.605000000,439303.796632714,1423.590154913
4.610000000,438533.015549402,1433.921296751
4.615000000,443150.091153548,1416.986159336
4.620000000,434575.098787213,1423.545375180
4.625000000,438760.969074134,1429.834700697
4.630000000,437369.157515660,1423.748494614
4.635000000,437272.982175928,1418.734644436
4.640000000,434579.647804278,1413.122343794
4.645000000,436241.044781917,1408.188201121
4.650000000,436648.047617893,1421.383381022
4.655000000,432278.115645870,1404.012332253
4.660000000,432386.166926770,1402.110565106
4.665000000,433165.504653973,1402.149705263
4.670000000,431376.224348034,1404.334006452
4.675000000,431931.697348583,1410.866303945
4.680000000,427681.716971704,1401.593473918
4.685000000,433946.581174651,1407.702823377
4.690000000,430495.725987228,1389.943782326
4.695000000,427652.365970107,1392.558184643
4.700000000,428584.703778236,1402.670354963
4.705000000,425494.727436365,1389.913080687
4.710000000,424471.637520138,1381.305984659
4.715000000,421132.644977230,1381.784591289
4.720000000,421113.671105750,1379.931642835
4.725000000,423121.929042067,1377.383218687
4.730000000,420748.274908493,1372.305144921
4.735000000,421136.920895851,1356.536082709
4.740000000,422295.902147466,1355.322762613
4.745000000,418490.283703887,1362.629166923
4.750000000,416257.141644156,1367.286142512
4.755000000,420987.942208993,1352.104878660
4.760000000,421904.557014234,1348.035025116
4.765000000,421122.445106500,1354.888024024
4.770000000,420310.406169331,1356.479338954
4.775000000,416203.784335868,1361.389058534
4.780000000,415647.838884630,1340.776641223
4.785000000,417157.390469279,1351.181099666
4.790000000,414492.066289271,1348.914492684
4.795000000,416531.212412637,1343.707660219
4.800000000,415226.221287164,1329.496988478
4.805000000,414723.248226537,1337.740096679
4.810000000,415344.542855500,1331.995431454
4.815000000,411378.511156663,1343.904735658
4.820000000,413384.741080810,1341.372091335
4.825000000,413022.448902751,1338.054163909
4.830000000,416495.053968975,1324.476712628
4.835000000,409086.946883238,1333.168191883
4.840000000,416535.074223951,1335.315711279
4.845000000,415947.143489413,1336.237297742
4.850000000,413391.177513615,1333.560038667
4.855000000,414795.233099092,1341.395476064
4.860000000,416218.197492077,1327.159177770
4.865000000,413960.888797640,1330.380022952
4.870000000,416232.087512386,1336.098967302
4.875000000,418568.987132349,1338.695191519
4.880000000,416682.352087122,1337.063599509
4.885000000,416354.441550971,1337.681004569
4.890000000,414358.862071115,1338.163411873
4.895000000,417459.066516113,1336.271290527
4.900000000,417394.769132738,1344.641959249
4.905000000,419351.020713062,1339.954715938
4.910000000,415212.589164308,1349.204963450
4.915000000,413027.657304511,1341.618843932
4.920000000,420173.969337169,1346.965439135
4.925000000,420304.004391619,1347.667624499
4.930000000,415015.511298137,1343.886196850
4.935000000,421010.708329696,1345.375747853
4.940000000,419830.060909653,1358.004405771
4.945000000,415106.322899014,1363.529036718
4.950000000,416644.753245808,1346.214476946
4.955000000,417921.570365293,1355.049930719
4.960000000,418774.255413119,1365.675384374
4.965000000,417901.366209138,1354.205803260
4.970000000,414816.521840149,1350.054270535
4.975000000,419476.957532048,1370.748068473
4.980000000,417482.143180539,1357.963302280
4.985000000,418209.351425701,1358.901074011
4.990000000,418781.862719769,1354.130666780
4.995000000,418156.130041516,1350.771538621
5.000000000,415682.352349087,1343.864350928
5.005000000,417131.776699889,1359.572229733
5.010000000,420420.390826844,1358.683688337
5.015000000,415810.469732141,1357.547221971
5.020000000,423279.240170723,1352.034545775
5.025000000,415033.456424509,1361.271761961
5.030000000,418395.630629401,1361.018773725
5.035000000,415420.693795941,1350.040128571
5.040000000,413544.836023877,1342.822690712
5.045000000,415611.582648830,1359.494514381
5.050000000,412310.894095815,1351.734647898
5.055000000,414430.914094923,1352.480819298
5.060000000,412234.078994907,1334.694020429
5.065000000,410387.735220512,1334.948899045
5.070000000,408462.680580202,1345.630672025
5.075000000,407113.163543985,1332.551368577
5.080000000,407063.310006735,1344.012092979
5.085000000,406821.883071043,1335.588840315
5.090000000,406838.321601086,1332.264398305
5.095000000,407173.479893620,1321.896729534
5.100000000,407082.251506920,1324.564822829
5.105000000,400824.147102325,1323.487042351
5.110000000,402365.332966477,1330.662496748
5.115000000,403977.626001419,1330.705067992
5.120000000,406746.240243858,1322.142888608
5.125000000,397758.585458269,1306.478681280
5.130000000,400973.276859175,1318.363578176
5.135000000,399274.886596640,1316.838023457
5.140000000,399378.700125844,1296.736531002
5.145000000,399303.617567552,1309.137650669
5.150000000,398629.375906353,1299.759785196
5.155000000,397958.891206804,1305.012326844
5.160000000,397721.946390591,1301.039255105
5.165000000,395688.880552400,1310.473853947
5.170000000,394956.333390769,1292.025110137
5.175000000,395657.273262344,1288.496079077
5.180000000,391673.323996144,1281.976142811
5.185000000,396892.554738026,1287.949140691
5.190000000,397272.669173386,1290.914758274
5.195000000,394505.568113336,1286.606497940
5.200000000,395707.492870122,1282.109925750
5.205000000,394259.203714624,1275.846914999
5.210000000,390219.863013822,1288.109782979
5.215000000,393446.068801281,1279.123225042
5.220000000,393232.480942112,1278.456198596
5.225000000,392392.608543300,1281.814917272
5.230000000,393367.948090877,1273.669166833
5.235000000,394916.736968619,1278.900576244
5.240000000,395595.031714627,1271.292946377
5.245000000,392232.764299461,1276.968496180
5.250000000,395750.226076020,1265.096576857
5.255000000,393330.438607657,1277.772391140
5.260000000,392026.076042896,1262.453413512
5.265000000,393376.029111107,1277.993008313
5.270000000,395346.206162671,1283.110782334
5.275000000,395059.452122608,1278.619627941
5.280000000,395716.529781378,1285.477455509
5.285000000,395048.043809091,1280.186487501
5.290000000,391772.264902759,1270.166974444
5.295000000,394697.143780890,1282.279433446
5.300000000,394422.600620969,1279.829883545
5.305000000,394003.033195851,1268.896651032
5.310000000,393443.476620459,1274.824783751
5.315000000,396905.730933551,1265.520601015
5.320000000,392732.193361161,1282.093139048
5.325000000,393264.232003327,1275.720848152
5.330000000,396748.854780572,1276.176733751
5.335000000,395645.612602900,1288.124324052
5.340000000,392715.801249138,1285.894046119
5.345000000,396035.372225003,1277.092235274
5.350000000,394525.306078912,1294.210977540
5.355000000,397271.247863297,1285.051031468
5.360000000,397927.479491459,1286.784125970
5.365000000,397237.985593002,1292.719919954
5.370000000,393853.860809852,1299.416515515
5.375000000,392137.936264034,1299.851877580
5.380000000,394869.728535961,1296.597664389
5.385000000,396989.829772960,1287.713616152
5.390000000,393467.953238249,1289.345171310
5.395000000,393056.715298062,1293.930236104
5.400000000,396335.872232643,1285.491016536
5.405000000,397585.570865565,1299.719732201
5.410000000,392932.646968833,1285.330647174
5.415000000,390571.292619032,1289.928746926
5.420000000,391529.430534557,1285.243970676
5.425000000,391024.578666862,1294.809765686
5.430000000,389638.783127345,1280.847772969
5.435000000,390489.824107419,1288.440780458
5.440000000,391738.866977674,1274.849414174
5.445000000,390372.370577089,1283.325692132
5.450000000,387751.568789527,1295.838218630
5.455000000,390575.287250124,1282.926574478
5.460000000,389329.230895985,1276.594987705
5.465000000,386458.003741237,1275.440530851
5.470000000,388403.021205783,1271.872561435
5.475000000,386693.017566150,1274.929691045
5.480000000,385495.793316236,1281.498517785
5.485000000,385613.756642741,1269.567344215
5.490000000,382993.738031090,1277.312449225
5.495000000,384474.067748312,1263.882419773
5.500000000,387199.149061745,1262.300987027
5.505000000,385717.249260475,1264.427132528
5.510000000,380219.770270419,1262.441810311
5.515000000,384608.838136523,1255.264792973
5.520000000,382249.767084346,1244.167765766
5.525000000,381324.269576940,1247.554658874
5.530000000,379285.931895446,1254.865118686
5.535000000,380153.940879273,1251.479947261
5.540000000,378374.305445958,1257.697807001
5.545000000,377561.172202163,1251.226018539
5.550000000,377147.388349884,1248.097670053
5.555000000,379739.411424837,1246.403870685
5.560000000,381896.979539068,1244.809487421
5.565000000,377899.914498334,1237.048526270
5.570000000,377614.673873347,1241.392156724
5.575000000,376870.844094711,1235.281101426
5.580000000,374137.088677199,1224.306425714
5.585000000,378400.339055013,1234.571073247
5.590000000,376891.290253354,1233.050756055
5.595000000,375692.246834958,1210.141849181
5.600000000,376750.502598660,1224.579423543
5.605000000,373265.781097321,1231.306730933
5.610000000,371592.474412027,1223.144889971
5.615000000,373848.417436778,1219.885202770
5.620000000,375329.146928617,1217.352975389
5.625000000,374235.136621341,1218.310869143
5.630000000,372318.020968235,1217.419159441
5.635000000,372898.312853342,1219.738111850
5.640000000,376794.131127314,1212.705484675
5.645000000,370952.652595499,1214.152429184
5.650000000,371521.507371238,1223.474812976
5.655000000,373780.334861300,1216.155141597
5.660000000,374395.130913930,1223.363500530
5.665000000,372896.171497510,1207.908591778
5.670000000,378214.869896474,1201.879949254
5.675000000,372533.745826784,1228.063582840
5.680000000,371822.801202780,1197.390896114
5.685000000,371488.839768539,NaN
5.690000000,373648.537280359,1227.596809389
5.695000000,373124.014123272,1211.788521973
5.700000000,370782.139834084,1223.614618474
5.705000000,371065.103691861,1237.362929027
5.710000000,376037.839368214,1211.579774131
5.715000000,375212.317182637,1220.028117188
5.720000000,373082.751093855,1214.386951487
5.725000000,373119.659963700,1224.696558394
5.730000000,370683.171942623,1220.508429364
5.735000000,370298.323895508,1229.418333298
5.740000000,376683.120732053,1223.617711634
5.745000000,375675.074016057,1231.429507896
5.750000000,371573.198005717,1224.071756213
5.755000000,371105.402137329,1234.592027542
5.760000000,372702.884994713,1232.359096279
5.765000000,372788.751030417,1229.100072439
5.770000000,373866.037456653,1219.888841537
5.775000000,375177.163797166,1230.247635849
5.780000000,372534.514672315,1232.898597511
5.785000000,373639.123890677,1220.927774836
5.790000000,372746.391772081,1227.835793468
5.795000000,372403.038597748,1237.692382362
5.800000000,373183.036245967,1225.213578930
5.805000000,371780.487114083,1236.425461650
5.810000000,372561.306374529,1222.149043676
5.815000000,374062.645688806,1240.784702695
5.820000000,370463.183644462,1229.326881390
5.825000000,372796.146250879,1230.647596105
5.830000000,372348.913844165,1238.226223005
5.835000000,371678.073923984,1222.159424493
5.840000000,368724.523612470,1228.248167785
5.845000000,371469.436643752,1220.936710602
5.850000000,367601.837436466,1231.218664110
5.855000000,372160.899518909,1226.885914979
5.860000000,368177.723493451,1215.820366920
5.865000000,368830.653053187,1209.574011184
5.870000000,366153.041027026,1220.355742153
5.875000000,365504.417663820,1209.444390954
5.880000000,368446.803268021,1225.286959195
5.885000000,367634.906299651,1224.029099237
5.890000000,369144.848683339,1219.749109949
5.895000000,367057.405102661,1212.275458135
5.900000000,366999.215765779,1209.972929032
5.905000000,368040.525390609,1204.761645925
5.910000000,365704.260808313,1198.116030599
5.915000000,366939.136013516,1199.663414358
5.920000000,363125.170077512,1196.478670969
5.925000000,361558.459334859,1197.714856418
5.930000000,363994.216079289,1193.549742492
5.935000000,364033.179229813,1184.826659862
5.940000000,363102.736683815,1192.832723480
5.945000000,360036.483156967,1191.917623484
5.950000000,360276.146255783,1179.048737496
5.955000000,360650.446372664,1183.655865521
5.960000000,358440.063961921,1184.164331210
5.965000000,362895.298274299,1175.107844329
5.970000000,361468.370142184,1191.069702906
5.975000000,361581.929246949,1178.645606358
5.980000000,360235.521863271,1179.687872169
5.985000000,358354.377302374,1174.350034364
5.990000000,359191.013373526,1166.027155084
5.995000000,357723.573921235,1172.820763352
6.000000000,355096.662955104,1180.302578063
6.005000000,358060.973388591,1166.330208875
6.010000000,358943.554506078,1166.684331054
6.015000000,354272.616901726,1180.579701910
6.020000000,352611.786369892,1165.030975371
6.025000000,355519.102788591,1177.317760071
6.030000000,356101.156992549,1169.255859740
6.035000000,352157.909582041,1164.584139346
6.040000000,358370.714140780,1170.369518903
6.045000000,350770.159498700,1170.304750106
6.050000000,352615.452812886,1167.373302935
6.055000000,351792.714016863,1157.126720053
6.060000000,353239.773002696,1166.581948436
6.065000000,352111.292224945,1161.509010110
6.070000000,354471.082766132,1163.496743667
6.075000000,353917.578226013,1145.945615340
6.080000000,352805.510942662,1167.734715129
6.085000000,356354.895720506,1161.576564069
6.090000000,354220.780066084,1154.103797633
6.095000000,356858.686484644,1148.346657944
6.100000000,354336.521881942,1151.798981307
6.105000000,352390.322669876,1153.728800873
6.110000000,353755.501419405,1152.795531451
6.115000000,353284.155823441,1152.627730842
6.120000000,350120.197165771,1153.003024021
6.125000000,351376.989523277,1165.382179311
6.130000000,356953.285025986,1164.016645347
6.135000000,352768.779084014,1168.557979769
6.140000000,355889.382390140,1160.688796763
6.145000000,354085.904337097,1162.805842421
6.150000000,350131.595348029,1168.094743578
6.155000000,353275.797161716,1167.122375847
6.160000000,355138.378455259,1161.280522940
6.165000000,351414.480055926,1168.261305886
6.170000000,356069.497913323,1170.004646150
6.175000000,352066.362907052,1162.222975706
6.180000000,355211.232219168,1155.763696044
6.185000000,353709.383793152,1164.853906435
6.190000000,353564.577023610,1166.897413236
6.195000000,355763.565393192,1165.439671305
6.200000000,353154.029338273,1157.423880653
6.205000000,352308.017763407,1178.442144275
6.210000000,352203.357309248,1167.147356692
6.215000000,350818.124479249,1171.530059537
6.220000000,349532.772843244,1159.979471484
6.225000000,354489.828061885,1160.493634509
6.230000000,350405.000324015,1169.204584482
6.235000000,351155.842417397,1175.308684150
6.240000000,351279.789912146,1163.366739500
6.245000000,354605.915020065,1164.571515588
6.250000000,351010.394041984,1150.936582950
6.255000000,351358.010343405,1167.202573508
6.260000000,348266.819616257,1166.176085961
6.265000000,346881.431653698,1160.106434199
6.270000000,345799.219913722,1161.137515887
6.275000000,343359.371308083,1165.839587124
6.280000000,350123.857081632,1164.743719409
6.285000000,349448.471582449,1163.103715165
6.290000000,346435.651710639,1167.541254529
6.295000000,345677.830746403,1138.544274153
6.300000000,343616.043540276,1142.656272349
6.305000000,343929.662352131,1151.966491704
6.310000000,340671.460270352,1147.350988475
6.315000000,341374.005410056,1144.716991563
6.320000000,346731.897726934,1148.873337429
6.325000000,346262.047649340,1141.223726692
6.330000000,341169.995495124,1149.774839461
6.335000000,343296.847383293,1153.584965393
6.340000000,345599.952559480,1145.923177200
6.345000000,344267.753545422,1138.102504514
6.350000000,339215.111531566,1124.226706928
6.355000000,341029.821944079,1130.697160254
6.360000000,340060.071582561,1115.674200230
6.365000000,343862.933784400,1138.619737380
6.370000000,342790.176234765,1131.223442561
6.375000000,342241.355733610,1128.542011918
6.380000000,337059.611597546,1128.984623781
6.385000000,343733.126450227,1115.367467486
6.390000000,338539.464747464,1134.307333815
6.395000000,340311.892280190,1121.379577864
6.400000000,339294.619150220,1128.123218370
6.405000000,337819.020530682,1114.419614660
6.410000000,336568.060214062,1116.551018210
6.415000000,337952.412775035,1118.805521829
6.420000000,334606.775545235,1119.296544442
6.425000000,335486.635653986,1119.410846200
6.430000000,338023.008522365,1117.835044435
6.435000000,338759.994945959,1117.924965888
6.440000000,332831.516452092,1115.957729735
6.445000000,335626.569868107,1117.253008724
6.450000000,335461.596788245,1102.458185163
6.455000000,338042.378428763,1097.027196231
6.460000000,336292.983500710,1108.680077416
6.465000000,334638.762436159,1106.285795364
6.470000000,337028.325001523,1118.433015065
6.475000000,337977.881039158,1101.247836156
6.480000000,335464.620436601,1112.825720810
6.485000000,333921.152606622,1102.619384356
6.490000000,333605.046678101,1111.845551083
6.495000000,338475.690117401,1098.686383230
6.500000000,335697.119196185,1106.875569924
6.505000000,334587.743489369,1098.068366005
6.510000000,337753.055018099,1098.644364927
6.515000000,332125.341501596,1107.246996952
6.520000000,336894.406937957,1108.772269985
6.525000000,336598.903307515,1113.728175579
6.530000000,333564.024591309,1115.165971824
6.535000000,334746.275069791,1118.946929726
6.540000000,335060.359142842,1105.588535575
6.545000000,336322.636613832,1113.809527505
6.550000000,332269.267522685,1108.018565551
6.555000000,335434.995634792,1126.356487963
6.560000000,332363.367711584,1109.092104260
6.565000000,335823.536918933,1115.373205781
6.570000000,335638.505549372,1104.552754954
6.575000000,334702.928492408,1118.599389172
6.580000000,329871.444057509,1116.320807547
6.585000000,333476.325266757,1098.723348298
6.590000000,336391.066643433,1114.407336916
6.595000000,334936.694239683,1104.476379439
6.600000000,330595.569885862,1104.694430236
6.605000000,334148.684272731,1117.687627243
6.610000000,333944.150240046,1106.138930489
6.615000000,331838.430144250,1118.488144079
6.620000000,332522.071993516,1117.397028953
6.625000000,332653.465341688,1108.929417346
6.630000000,334652.893143426,1105.815929366
6.635000000,331939.656692566,1101.094448889
6.640000000,332525.625677653,1113.880961363
6.645000000,332549.323385952,1120.076265973
6.650000000,333789.331673811,1104.678047184
6.655000000,329783.675605100,1107.574409992
6.660000000,330751.223813773,1099.681582959
6.665000000,332157.935480346,1112.594067184
6.670000000,325970.794837868,1106.617651150
6.675000000,331502.587155342,1102.454942244
6.680000000,329732.464398444,1094.562538549
6.685000000,328013.665284073,1098.450781005
6.690000000,326404.531743510,1100.973691783
6.695000000,329538.965322977,1094.772831550
6.700000000,327359.234662251,1105.153388900
6.705000000,324677.306057112,1112.650791282
6.710000000,323708.043960801,1092.763463432
6.715000000,327573.656964688,1102.747045338
6.720000000,325914.449799649,1096.656231548
6.725000000,330088.550903089,1090.820785117
6.730000000,325310.860146470,1086.639530921
6.735000000,325680.759815830,1087.168517275
6.740000000,324964.746124559,1094.563729238
6.745000000,323126.513261307,1098.224982705
6.750000000,322879.272703906,1091.642099010
6.755000000,326676.199640379,1078.725734355
6.760000000,320156.586736327,1083.867227232
6.765000000,322387.924665336,1078.568670961
6.770000000,324781.410058097,1077.697783498
6.775000000,322872.067739008,1080.445272081
6.780000000,325808.835948443,1072.412298131
6.785000000,321305.359228864,1079.690691406
6.790000000,321186.434827591,1079.017349527
6.795000000,320963.230220804,1067.919512585
6.800000000,323079.790162886,1077.764557505
6.805000000,319958.729039019,1065.442336931
6.810000000,317509.065699648,1062.868654685
6.815000000,316548.255142013,1060.663715303
6.820000000,320525.948840209,1068.911455007
6.825000000,317838.582673724,1069.225978845
6.830000000,319623.205979647,1063.550157277
6.835000000,322933.603531493,1058.592899308
6.840000000,317452.300631512,1067.928492878
6.845000000,318555.845284595,1060.504908578
6.850000000,317947.868076161,1047.982916250
6.855000000,319946.297077771,1062.409105700
6.860000000,320930.451447484,1059.313796943
6.865000000,315251.167982251,1060.377043672
6.870000000,320185.144865533,1061.260977971
6.875000000,320001.715975605,1053.499187861
6.880000000,316571.507929451,1063.933284576
6.885000000,319807.854086379,1049.743394795
6.890000000,318906.842744662,1070.666850105
6.895000000,317110.585219342,1047.109194274
6.900000000,314968.954927202,1057.153175055
6.905000000,314268.329565849,1061.342725366
6.910000000,315648.465517278,1059.214465036
6.915000000,317567.837675952,1055.279142841
6.920000000,311981.956255053,1050.660146537
6.925000000,313029.567370114,1062.395096625
6.930000000,318108.252176085,1058.362652593
6.935000000,316241.970858773,1058.811433043
6.940000000,315076.146787019,1049.848935438
6.945000000,318563.279858528,1056.939461914
6.950000000,314587.076595101,1051.972355684
6.955000000,316162.763242276,1050.457378225
6.960000000,314767.001888138,1074.298949489
6.965000000,319085.977115005,1062.424815098
6.970000000,316062.213950253,1050.858503546
6.975000000,317612.598877288,1066.321778654
6.980000000,313371.067720268,1051.930226456
6.985000000,317385.887987892,1053.856403939
6.990000000,313959.178805103,1053.721128981
6.995000000,318456.239065373,1052.824755920
7.000000000,316901.552801919,1060.587122244
7.005000000,314168.909764000,1061.454687704
7.010000000,311966.431129658,1059.905418575
7.015000000,315637.500312855,1057.568798539
7.020000000,316507.612693305,1058.134059332
7.025000000,314917.325469619,1049.128674396
7.030000000,316000.394432526,1054.564099836
7.035000000,312952.978965140,1048.736709851
7.040000000,319092.308668415,1055.087217467
7.045000000,313670.219515268,1053.576199572
7.050000000,315815.320814945,1051.474257115
7.055000000,312547.058941756,1039.117691766
7.060000000,312841.762027194,1044.995686928
7.065000000,312368.337496761,1053.365478164
7.070000000,313007.573841393,1057.486429069
7.075000000,312172.482904861,1059.913464341
7.080000000,317974.521896286,1044.888955803
7.085000000,316673.062945514,1058.762163027
7.090000000,310772.474965738,1044.679015218
7.095000000,310419.580707432,1039.984468308
7.100000000,312331.842894367,1058.560760295
7.105000000,307100.965249036,1049.847875736
7.110000000,312395.586979838,1059.557108518
7.115000000,310048.478142057,1034.686093444
7.120000000,309861.375180372,1049.460225994
7.125000000,314333.356226858,1037.720238530
7.130000000,308927.161250355,1035.798761705
7.135000000,308935.809799333,1047.427655840
7.140000000,311586.122406924,1043.192481007
7.145000000,308677.999758553,1038.157786973
7.150000000,309659.601340526,1025.995385881
7.155000000,306799.842585618,1039.762532425
7.160000000,307626.818696976,1023.167129973
7.165000000,307214.246312058,1029.596832383
7.170000000,307054.656327997,1038.220948811
7.175000000,305955.406726536,1041.933361580
7.180000000,304682.688541905,1032.697426701
7.185000000,307007.324649190,1026.092946090
7.190000000,305540.605306628,1010.170855034
7.195000000,303266.906664655,1034.660447790
7.200000000,302622.317650634,1008.458675415
7.205000000,303468.151244183,1026.124464394
7.210000000,302660.681545549,1021.581424592
7.215000000,305642.169729931,1010.559131789
7.220000000,301869.372490720,1021.224434232
7.225000000,302308.692057283,1014.711795565
7.230000000,303601.139863515,1017.808005817
7.235000000,300876.008963997,1018.963766565
7.240000000,300047.225200459,1023.723020262
7.245000000,302065.905677801,1013.302411791
7.250000000,304987.312095331,1025.815770455
7.255000000,303708.612092262,1008.882722147
7.260000000,302693.153809088,1016.237499156
7.265000000,304303.102708546,1020.985517027
7.270000000,303150.510823107,1008.543130506
7.275000000,299036.937978015,1013.923248196
7.280000000,304730.970127063,1005.096579715
7.285000000,300391.084289982,1009.891773698
7.290000000,299647.193400249,1001.801085318
7.295000000,300640.497209478,1016.275065225
7.300000000,303024.041227137,995.411532141
7.305000000,300443.529218802,1012.136100605
7.310000000,307180.603150429,1013.993201442
7.315000000,301913.624437185,1006.457670783
7.320000000,300300.354023469,1011.719913255
7.325000000,301210.015020615,1007.694385258
7.330000000,302607.691213498,1005.010082806
7.335000000,300338.009768797,1013.533612593
7.340000000,300498.212392483,1011.488511136
7.345000000,298419.868361315,1011.283255239
7.350000000,303788.433561379,1001.212967286
7.355000000,297947.216840345,1022.511558130
7.360000000,298009.868991603,1004.946390131
7.365000000,301184.578780143,1021.728488871
7.370000000,297745.389544399,1007.963621712
7.375000000,297653.899851313,1008.504872296
7.380000000,297280.961273434,1008.391380467
7.385000000,299041.495261024,1009.322308113
7.390000000,300654.224604517,1010.107073434
7.395000000,300732.924091401,1007.018820199
7.400000000,300797.083394969,1013.505558381
7.405000000,298883.751788143,1008.648781693
7.410000000,302720.685147786,1003.515755425
7.415000000,302056.729526361,1018.191277692
7.420000000,298978.535818683,995.909241115
7.425000000,300052.492841568,1008.236533527
7.430000000,300227.454457210,1016.853207113
7.435000000,298922.050672561,1014.461260486
7.440000000,302355.499838083,1018.269018401
7.445000000,298015.480842595,1001.275798554
7.450000000,299095.795947873,1011.343947782
7.455000000,300220.124179955,992.847963824
7.460000000,293942.083922703,1010.466060945
7.465000000,294851.658824643,1017.857171805
7.470000000,296732.398359789,1010.686154401
7.475000000,292398.855256912,1008.609655968
7.480000000,293437.341785093,1007.015004620
7.485000000,298810.040345550,1006.492021515
7.490000000,296161.490267908,992.604850619
7.495000000,295960.783152857,1000.804978323
7.500000000,294214.429869481,996.870748324
7.505000000,298028.259112213,990.270383957
7.510000000,295924.916193976,998.660049622
7.515000000,292786.803173871,996.981203151
7.520000000,291035.949536294,993.077760689
7.525000000,294836.358963070,994.016807172
7.530000000,294233.981270417,1000.336506817
7.535000000,295140.589819624,978.876355508
7.540000000,289557.585231745,998.838514677
7.545000000,294101.847152557,993.990276516
7.550000000,289613.395705019,993.621574438
7.555000000,289498.813541586,990.262734548
7.560000000,292441.500936507,991.315331955
7.565000000,291963.695430301,978.499293515
7.570000000,287625.232974909,994.892028008
7.575000000,291950.106347298,981.752941835
7.580000000,291698.542121190,978.103524783
7.585000000,291234.286808932,983.715387051
7.590000000,291847.392360123,980.908885104
7.595000000,285561.346148763,969.260688354
7.600000000,287561.464317931,970.800072043
7.605000000,289620.130830280,986.919455755
7.610000000,292794.637247240,971.114937932
7.615000000,285458.535645822,967.515540100
7.620000000,287831.585546653,983.310096657
7.625000000,288011.893201110,976.488400395
7.630000000,290140.358639149,970.557792345
7.635000000,288791.281928515,974.699514473
7.640000000,287474.837127304,972.763118058
7.645000000,284963.512530537,987.627825271
7.650000000,286238.584528265,979.253953063
7.655000000,288816.037964901,971.216409510
7.660000000,288560.615546029,968.506838757
7.665000000,285920.515183837,974.769926976
7.670000000,282742.521223416,969.542526549
7.675000000,285897.216634370,960.246340485
7.680000000,285894.370686791,973.430812730
7.685000000,283676.105024973,960.719753932
7.690000000,282237.741766187,970.866731422
7.695000000,284402.723076629,969.577209736
7.700000000,287095.333836021,959.499346301
7.705000000,286163.338228113,976.607682841
7.710000000,283389.899840728,968.322296696
7.715000000,286398.474647455,961.215519702
7.720000000,286243.368828161,968.744321893
7.725000000,280923.338416329,969.926573374
7.730000000,283425.381811271,965.116850739
7.735000000,279766.798371167,961.869898886
7.740000000,284028.421784375,967.560645051
7.745000000,285422.449516824,963.124975765
7.750000000,287876.788519741,953.978331711
7.755000000,283520.981004407,972.683926244
7.760000000,285210.083996418,959.857405711
7.765000000,285811.718807767,963.606111254
7.770000000,282622.126057951,955.142472582
7.775000000,285402.710203122,957.080662089
7.780000000,284175.563455618,958.594792532
7.785000000,284856.192143707,971.342666685
7.790000000,285050.832039710,959.234369561
7.795000000,279894.915307123,973.995236866
7.800000000,284172.545755532,961.638543727
7.805000000,286874.825337072,965.221522893
7.810000000,285927.440461338,961.969926290
7.815000000,281820.170325229,956.710921435
7.820000000,283962.984814885,957.655590946
7.825000000,285646.298812097,971.347455622
7.830000000,280907.942561631,958.208231635
7.835000000,279428.452386687,978.916144024
7.840000000,282729.415081797,962.298418924
7.845000000,283707.241218521,959.860646983
7.850000000,285089.611833578,961.423140426
7.855000000,284462.566167178,946.228616289
7.860000000,279220.632928928,952.021611435
7.865000000,279754.670656236,957.592532035
7.870000000,280172.167808751,954.692770231
7.875000000,282010.009986185,951.451647323
7.880000000,279637.862494701,939.434567821
7.885000000,275940.549623729,956.967769248
7.890000000,281978.624817815,948.492194823
7.895000000,280499.411349605,963.098545075
7.900000000,276349.393368852,944.610021106
7.905000000,279009.452239206,959.193957319
7.910000000,281263.957197912,954.916749601
7.915000000,280957.783012971,949.784234435
7.920000000,278441.971949517,948.937041844
7.925000000,279306.028240379,944.992698641
7.930000000,281650.818512047,946.217061656
7.935000000,280503.574778515,942.724309412
7.940000000,278289.224456139,947.843991534
7.945000000,275750.766994845,946.115063616
7.950000000,276128.330807507,945.670420050
7.955000000,276237.641286574,935.357096804
7.960000000,279124.432309002,932.493150735
7.965000000,279523.702801353,944.142189633
7.970000000,276235.585811432,935.935204711
7.975000000,279601.279208079,941.580449538
7.980000000,273909.638274332,945.131826789
7.985000000,277992.636320768,941.871213938
7.990000000,274699.172226490,934.740284378
7.995000000,276338.655449865,939.593314527
8.000000000,275601.499916109,930.856763714
8.005000000,275571.364461617,937.074102164
8.010000000,275622.912732071,926.533807134
8.015000000,275225.950146937,931.846337203
8.020000000,270955.311651390,932.531705379
8.025000000,271671.528569078,919.744749704
8.030000000,274666.018503393,934.395552183
8.035000000,274994.789707138,928.011938092
8.040000000,274023.990501455,930.744804542
8.045000000,272202.396032262,922.952933981
8.050000000,270603.588523425,929.485980067
8.055000000,269350.628030193,927.474826543
8.060000000,273623.993212320,923.430367680
8.065000000,271577.754783658,928.723614332
8.070000000,271690.763891753,916.427820372
8.075000000,273012.330123269,922.949518695
8.080000000,272010.107143740,908.223442275
8.085000000,272267.148872763,913.470343423
8.090000000,270287.910126398,930.676981322
8.095000000,270758.207142091,929.393271396
8.100000000,270839.238862305,931.297861154
8.105000000,271714.171541869,922.694325548
8.110000000,271357.641794320,926.314320860
8.115000000,264437.110111216,915.421628753
8.120000000,272394.377610477,915.861618525
8.125000000,268655.810873161,913.749096893
8.130000000,272840.849084916,916.349387170
8.135000000,273540.442391662,919.301181765
8.140000000,273067.586135607,918.500575114
8.145000000,269282.054902026,913.705272614
8.150000000,272859.081808872,917.603153609
8.155000000,267983.343808060,921.988841639
8.160000000,271164.107716838,910.112216673
8.165000000,272009.708909701,907.996369576
8.170000000,269861.762979827,910.889681037
8.175000000,267229.424677066,918.296496530
8.180000000,263055.727559798,917.844745996
8.185000000,270735.521336082,918.280143541
8.190000000,270736.545579776,912.490488396
8.195000000,266102.001411933,922.470252832
8.200000000,269151.761488546,905.432470330
8.205000000,267945.145230087,918.122955271
8.210000000,268067.406037175,925.281057827
8.215000000,269625.928240828,908.767645281
8.220000000,272848.305187062,920.959325089
8.225000000,265099.338856752,912.464191024
8.230000000,264230.096235494,907.984760037
8.235000000,267521.290430200,921.387890929
8.240000000,265033.534775816,912.448335726
8.245000000,266973.552016669,916.129178004
8.250000000,264343.179825051,918.040434370
8.255000000,268189.027493410,904.499681456
8.260000000,268289.811081911,917.638376160
8.265000000,266378.511952807,912.851727207
8.270000000,265298.779917962,902.156759946
8.275000000,267700.115772829,917.051429660
8.280000000,266266.891622816,923.432268227
8.285000000,265986.641473664,906.968831523
8.290000000,270202.147574093,902.641178377
8.295000000,268866.536103615,908.924339966
8.300000000,263753.278127145,913.984345890
8.305000000,265778.892154174,905.829869629
8.310000000,261745.993488604,910.976918643
8.315000000,266387.330129157,913.857425257
8.320000000,258999.400552469,911.931415116
8.325000000,264349.931081013,897.605254690
8.330000000,261985.960651542,901.233687125
8.335000000,266981.307498756,902.317058035
8.340000000,265151.044905295,904.838445328
8.345000000,269803.282163766,904.015075954
8.350000000,263201.583154492,904.869435568
8.355000000,265631.608321581,903.686190262
8.360000000,262377.396422291,910.809631329
8.365000000,262655.070009050,904.771922693
8.370000000,265004.806123572,898.739465179
8.375000000,259437.644317974,902.890029641
8.380000000,263749.967249901,894.663863047
8.385000000,261261.059587267,898.463954736
8.390000000,262153.187094141,892.423395680
8.395000000,256380.671606824,888.374863741
8.400000000,262789.869310000,886.984500574
8.405000000,263166.407557882,893.078267204
8.410000000,257914.399828477,897.609488715
8.415000000,259871.095146781,879.085539509
8.420000000,263603.618397195,893.933423659
8.425000000,259344.176730424,893.810393560
8.430000000,261831.205206652,874.756772442
8.435000000,263834.890274505,879.433283066
8.440000000,257873.564640831,896.097600072
8.445000000,257144.881376458,884.726880055
8.450000000,259066.226865148,887.729338717
8.455000000,256744.694150278,880.539554110
8.460000000,261401.847805194,880.022284595
8.465000000,258567.923399059,887.616519521
8.470000000,255771.016076875,894.372728050
8.475000000,257913.035398263,879.328581786
8.480000000,257110.128912199,870.465254692
8.485000000,256384.364171190,878.364999770
8.490000000,257856.696667755,870.709093922
8.495000000,259486.401279370,875.563697995
8.500000000,256936.443880645,870.973551814
8.505000000,256804.917849604,883.859327647
8.510000000,256261.809648650,881.761855508
8.515000000,258848.888254586,886.155850259
8.520000000,255556.597589042,877.783792630
8.525000000,254376.270487092,867.223594905
8.530000000,256444.678293676,869.712462495
8.535000000,258640.348257184,867.748080173
8.540000000,257343.330239503,879.625994924
8.545000000,254755.255413189,866.634418858
8.550000000,252555.641530696,872.722848805
8.555000000,255509.533692464,871.370557169
8.560000000,255924.980850885,868.028766117
8.565000000,255606.766804541,873.563654876
8.570000000,254918.887949020,875.088054040
8.575000000,257739.549882749,860.512351576
8.580000000,252354.876920414,868.472350335
8.585000000,255282.269546511,880.466999587
8.590000000,250989.091992659,879.396824086
8.595000000,254514.537840651,867.909510736
8.600000000,257049.684854483,873.844627925
8.605000000,252418.873355846,880.235764644
8.610000000,255313.714662478,876.403206492
8.615000000,254756.450856205,879.475961491
8.620000000,258394.388798876,868.670451823
8.625000000,255790.957138251,874.612059289
8.630000000,251711.697746381,864.711136549
8.635000000,253975.175463805,865.915755188
8.640000000,252580.869647735,869.876588106
8.645000000,253886.199497239,873.186148777
8.650000000,254513.882522486,871.146661882
8.655000000,254037.119145092,870.446289873
8.660000000,251351.234200185,865.837855289
8.665000000,254262.428333936,873.911508629
8.670000000,248887.229286701,874.274048478
8.675000000,252347.467030284,862.238842040
8.680000000,253107.651244544,862.605278002
8.685000000,255449.221537920,871.494647725
8.690000000,250313.746402702,879.385808018
8.695000000,252690.011643406,873.616017543
8.700000000,254064.339937395,857.624207728
8.705000000,250904.216676347,870.976614056
8.710000000,253176.378188900,863.663538013
8.715000000,248256.733585897,855.608755512
8.720000000,248108.173215552,854.635796138
8.725000000,249196.424956247,859.484728378
8.730000000,249769.492447109,852.371550966
8.735000000,252925.004447226,853.794980577
8.740000000,253813.785525983,855.188477520
8.745000000,252799.349246117,872.256121682
8.750000000,253621.422057198,865.087658548
8.755000000,252314.167833746,850.305828819
8.760000000,245998.910683225,863.910602689
8.765000000,251752.227493610,843.639987988
8.770000000,246291.067022550,850.007092270
8.775000000,247558.478351618,859.536477374
8.780000000,248377.135679195,848.761028871
8.785000000,248959.987297159,865.137778512
8.790000000,244814.508444100,842.245018909
8.795000000,245938.260500804,844.909932068
8.800000000,244161.567547897,844.896843378
8.805000000,247869.704428878,849.674984865
8.810000000,246770.209017871,849.557234603
8.815000000,245160.664401586,855.200734325
8.820000000,243479.723809231,857.127371189
8.825000000,245980.799715497,851.741935174
8.830000000,244846.309509494,852.081019636
8.835000000,243344.352690765,853.873469792
8.840000000,246402.849000919,847.143184623
8.845000000,241690.652894614,848.128588195
8.850000000,243731.057378491,845.128132781
8.855000000,245067.828315800,841.306551627
8.860000000,243059.048484542,847.008598593
8.865000000,243382.465208827,849.581870100
8.870000000,245238.187012371,856.368032277
8.875000000,245395.183217303,840.493154135
8.880000000,242736.819871832,831.532255056
8.885000000,243375.667879599,835.550243789
8.890000000,242775.408646920,842.549471896
8.895000000,245526.684335798,841.398179685
8.900000000,240660.359589510,828.668371116
8.905000000,242873.291731910,842.771381839
8.910000000,247755.093494653,841.366129987
8.915000000,242343.444611573,835.025541721
8.920000000,243843.209033516,830.894335618
8.925000000,242703.335581930,833.367220035
8.930000000,241953.115047665,835.349292014
8.935000000,245153.109648617,828.811669481
8.940000000,240420.105598058,840.284252683
8.945000000,237467.135069309,837.415132132
8.950000000,243541.895449052,842.509412440
8.955000000,243859.968013722,820.441206572
8.960000000,242949.478082635,828.228827390
8.965000000,239885.252216970,836.703757421
8.970000000,243029.001427191,829.572756876
8.975000000,243981.134694490,832.687731538
8.980000000,240446.776688703,844.707533773
8.985000000,238417.884017187,826.296451354
8.990000000,240186.709988964,838.741163055
8.995000000,242082.744546412,825.150844058
9.000000000,245053.429539580,825.175479878
9.005000000,242230.004250127,820.299388476
9.010000000,242656.204817922,830.353754354
9.015000000,239380.082043080,836.361490985
9.020000000,240858.747410119,830.214069136
9.025000000,239456.086996159,822.359248472
9.030000000,242754.882918750,835.870502406
9.035000000,239379.072686901,833.690321756
9.040000000,238802.241371048,832.834140871
9.045000000,235975.439696312,820.947280679
9.050000000,241269.226024456,830.562694747
9.055000000,238265.128042614,827.033002315
9.060000000,238915.867743940,830.322273052
9.065000000,244462.848265814,831.147288420
9.070000000,241438.526097912,832.863762943
9.075000000,241414.875869609,815.854285534
9.080000000,239459.208480266,834.262706907
9.085000000,235906.515479771,828.738538234
9.090000000,240043.626984293,829.808050318
9.095000000,234312.598379200,842.375047233
9.100000000,239886.669512797,831.776322512
9.105000000,237530.465367731,818.537395293
9.110000000,239852.487645366,827.196828711
9.115000000,236690.508211939,823.219362979
9.120000000,236274.294887316,825.805816627
9.125000000,238381.938726414,817.554577655
9.130000000,235546.256846163,824.755549599
9.135000000,240802.886663368,813.887028627
9.140000000,237169.851118947,820.118593051
9.145000000,238618.503309238,823.099251480
9.150000000,235425.122289137,820.562182850
9.155000000,235974.452871468,813.616576663
9.160000000,235069.529560331,815.040172670
9.165000000,235985.069164208,815.907217772
9.170000000,232451.776654715,818.614295933
9.175000000,236528.065870875,824.301029040
9.180000000,237626.250405303,812.216122002
9.185000000,235346.216842564,810.071914821
9.190000000,230505.631703626,813.371885195
9.195000000,236423.787019090,819.103842641
9.200000000,235848.488087732,806.010201792
9.205000000,232046.394360841,818.677440201
9.210000000,229642.891851506,822.255361197
9.215000000,230861.622117098,801.350943581
9.220000000,231560.255068629,811.260715282
9.225000000,230523.368612345,825.127463492
9.230000000,231073.316397363,813.373149422
9.235000000,234272.990658668,808.385494098
9.240000000,236860.986171015,811.847490731
9.245000000,229367.052317222,788.909845400
9.250000000,234255.022365861,808.928006930
9.255000000,230417.823836063,809.966101095
9.260000000,236428.019973452,807.882019631
9.265000000,231661.000915090,795.629227467
9.270000000,233265.427756546,805.630728120
9.275000000,231194.191513606,812.026982576
9.280000000,228379.562682570,820.366233985
9.285000000,235940.464061813,807.025136891
9.290000000,231923.983216833,797.129420127
9.295000000,231544.329947856,798.872959395
9.300000000,230110.106165285,802.144547823
9.305000000,228747.619623614,817.197304303
9.310000000,233774.721394871,788.520503281
9.315000000,227475.108971025,801.341809794
9.320000000,229329.962659052,786.675401996
9.325000000,228801.886068548,786.224827480
9.330000000,233661.710700569,807.443070499
9.335000000,229500.984838741,800.036948171
9.340000000,232079.151822650,792.256517969
9.345000000,229761.572204613,792.827013751
9.350000000,228004.462139475,790.923248020
9.355000000,230368.055581557,805.105688157
9.360000000,230337.702817604,797.542653673
9.365000000,228396.534780905,792.575760614
9.370000000,232941.278389322,780.134916107
9.375000000,227937.798389265,793.977407668
9.380000000,232733.064342681,792.841474228
9.385000000,224502.128408088,790.411312021
9.390000000,227629.583643216,791.518227000
9.395000000,225907.207222542,795.385982399
9.400000000,228208.559174713,800.803851506
9.405000000,228331.722631893,794.196938546
9.410000000,230119.298384678,800.320210265
9.415000000,229266.864312137,784.318124406
9.420000000,230538.771737594,788.524787997
9.425000000,230179.866373980,795.997146310
9.430000000,228405.989946769,795.138903072
9.435000000,227864.394263912,788.319491113
9.440000000,226062.893797423,793.801131607
9.445000000,230583.616559639,800.461493171
9.450000000,229005.518260595,799.280161032
9.455000000,228176.422493171,790.398256101
9.460000000,226739.105836250,784.271415709
9.465000000,227728.348088263,793.951883615
9.470000000,226090.732374527,781.781911549
9.475000000,233035.346840946,790.517405115
9.480000000,227862.776296371,783.010371835
9.485000000,225541.906895197,783.826793568
9.490000000,227760.321644649,785.801235817
9.495000000,227538.716608394,782.662417708
9.500000000,225065.961485556,785.179033282
9.505000000,224894.379946393,793.811425696
9.510000000,223632.608298015,791.595198871
9.515000000,223189.360806120,784.308970510
9.520000000,223472.864761568,795.444259238
9.525000000,224420.962605599,778.695731973
9.530000000,224063.651997890,796.764095035
9.535000000,223260.048682282,803.949035771
9.540000000,224951.475232704,785.928018321
9.545000000,224911.701301398,775.865840122
9.550000000,226815.241575649,791.148257613
9.555000000,224051.306278044,786.049526013
9.560000000,226285.517072895,784.970058848
9.565000000,222102.890140845,777.342727681
9.570000000,220683.751395830,774.716254841
9.575000000,222029.459431734,776.195465863
9.580000000,225034.455710554,777.331604990
9.585000000,220681.446900927,787.392408514
9.590000000,221084.825254916,778.193490279
9.595000000,224671.822671043,788.388719606
9.600000000,224848.942636512,770.708827788
9.605000000,221560.764435503,782.700835719
9.610000000,225244.696360572,775.574960372
9.615000000,221316.750522005,774.055189318
9.620000000,223602.052622453,773.467201441
9.625000000,224481.538491066,767.917030471
9.630000000,224362.807639911,776.204091400
9.635000000,219877.142122780,765.948274458
9.640000000,220707.381362041,771.688579748
9.645000000,219566.631184822,772.909962949
9.650000000,221972.162367068,765.775214080
9.655000000,222384.771371284,777.447245141
9.660000000,222300.656088699,759.872781844
9.665000000,219479.820839589,768.102802578
9.670000000,215730.407569925,766.022238928
9.675000000,217943.926353309,770.575320334
9.680000000,219658.760285638,765.085121005
9.685000000,221921.231781969,769.673341810
9.690000000,219233.000077241,768.710797201
9.695000000,218233.756876572,759.200485400
9.700000000,219108.432544513,761.178708946
9.705000000,217556.163465718,760.923376253
9.710000000,215274.356201708,770.940131650
9.715000000,217002.642864679,764.905610745
9.720000000,211944.749924180,755.101818882
9.725000000,217122.520600330,753.289209423
9.730000000,221753.250975528,770.275788763
9.735000000,214237.134963947,756.370511695
9.740000000,213917.280957091,747.818371049
9.745000000,219639.110642305,765.559860984
9.750000000,218119.202036586,771.969645102
9.755000000,220218.666255996,754.391169562
9.760000000,214447.291774350,759.720802845
9.765000000,217812.614688519,764.425390886
9.770000000,218465.652073019,746.445950880
9.775000000,216279.559945606,758.508272724
9.780000000,219588.558452806,758.459024451
9.785000000,216053.113560414,752.405005378
9.790000000,221029.393045490,754.648719404
9.795000000,217242.831119531,756.738245506
9.800000000,215473.495861746,755.622790233
9.805000000,221167.039663733,760.113153522
9.810000000,216499.203510297,748.547387407
9.815000000,217848.615644329,762.060192395
9.820000000,218847.708125818,759.003378342
9.825000000,211969.369488893,763.825988472
9.830000000,214735.040246897,748.571679318
9.835000000,211440.283508417,745.578350904
9.840000000,211945.516615988,752.458776726
9.845000000,214777.198389926,757.825140938
9.850000000,215396.372965488,751.153577508
9.855000000,216793.807454715,762.523583573
9.860000000,214306.425617339,741.037446917
9.865000000,217681.705129141,747.802619879
9.870000000,217338.683048766,748.924510249
9.875000000,211313.996249854,759.170458920
9.880000000,216338.896564226,752.432813815
9.885000000,219319.639181395,751.437232920
9.890000000,214708.410451720,757.500253971
9.895000000,210421.373635348,751.934206866
9.900000000,212093.430942923,756.022483497
9.905000000,213855.967797935,735.940820406
9.910000000,216741.917426798,747.821064543
9.915000000,209095.613858341,746.493056105
9.920000000,214724.607073596,755.647444975
9.925000000,214811.588397083,741.871760901
9.930000000,215537.605714403,753.066928686
9.935000000,211852.267296781,744.916767987
9.940000000,216200.078065606,749.732268087
9.945000000,210621.884405624,745.057561517
9.950000000,214564.544644167,754.347471967
9.955000000,214663.648093006,743.438058423
9.960000000,213109.343785364,750.053201320
9.965000000,209695.292419365,764.000393984
9.970000000,211323.340862770,742.941859598
9.975000000,211539.142544162,735.070663390
9.980000000,213193.911075970,745.725350031
9.985000000,210384.499350089,741.640377206
9.990000000,213008.738837673,730.389748965
9.995000000,212281.291365208,739.348775699
10.000000000,211046.730865770,751.321599826
10.005000000,207878.471268687,744.286348664
10.010000000,210510.302018852,731.928020375
10.015000000,215178.170130377,736.149287229
10.020000000,209434.535916736,746.596169473
10.025000000,212024.218074858,751.953412332
10.030000000,206736.237557407,734.445839022
10.035000000,209569.061824773,731.265374125
10.040000000,213310.704277196,738.711414310
10.045000000,209570.813014389,743.342969928
10.050000000,207890.898985571,730.020014151
10.055000000,209652.231174016,736.825609921
10.060000000,205640.519899217,731.718112316
10.065000000,207598.417334512,738.516307192
10.070000000,211167.509687284,736.063146148
10.075000000,208081.853148990,731.215959393
10.080000000,206997.565029385,727.817463956
10.085000000,209193.304582165,732.006114414
10.090000000,209104.568954779,733.127043342
10.095000000,211579.785609684,731.278742595
10.100000000,205363.812500363,729.959564100
10.105000000,203657.659912977,728.318927474
10.110000000,212060.318253906,740.284761267
10.115000000,209347.031728474,725.352368031
10.120000000,210435.125076044,727.901567582
10.125000000,207443.327133622,719.428449393
10.130000000,207768.771110413,737.112002641
10.135000000,204187.228449141,734.303653792
10.140000000,204094.106758609,732.670953886
10.145000000,206796.297982836,735.473021275
10.150000000,205713.805171654,734.955399721
10.155000000,203660.717210946,731.494149801
10.160000000,205810.566777949,726.353651655
10.165000000,205784.347193900,716.394995570
10.170000000,205375.415758760,716.992467226
10.175000000,208596.968143911,729.638158803
10.180000000,206208.252856787,726.913597801
10.185000000,209676.727950462,736.454524408
10.190000000,206599.223970482,726.656358494
10.195000000,204087.613389123,732.655105413
10.200000000,203112.865912742,717.743802021
10.205000000,204339.817866617,726.355073745
10.210000000,207253.923235534,716.465249234
10.215000000,207351.074030001,717.636312152
10.220000000,208055.582732734,732.075146985
10.225000000,201803.666697064,725.103035782
10.230000000,203903.062938351,717.549183238
10.235000000,206756.099585580,716.909830681
10.240000000,200922.969078300,727.759861373
10.245000000,204197.113054660,729.183757050
10.250000000,205575.919470655,721.979755484
10.255000000,201802.046033022,719.792816149
10.260000000,205899.063501381,710.758224054
10.265000000,200652.499611352,712.509327232
10.270000000,203801.780333109,729.919063141
10.275000000,204328.577504501,716.117098147
10.280000000,206247.472696040,719.564681378
10.285000000,198266.360908034,718.319913255
10.290000000,203925.565197926,717.153169828
10.295000000,199690.385671093,721.139203297
10.300000000,204603.594489748,719.176881684
10.305000000,198147.912047882,717.546643754
10.310000000,203474.148364678,713.991486562
10.315000000,200425.312219108,727.481379383
10.320000000,203429.131110028,716.913588345
10.325000000,202324.491085571,707.846925735
10.330000000,204024.656633079,711.600651238
10.335000000,201026.377452700,716.698495224
10.340000000,202195.073297954,712.687285464
10.345000000,201076.361992599,705.813869193
10.350000000,199608.758379356,716.883710976
10.355000000,202007.513827482,713.042806945
10.360000000,199729.565747363,721.837284062
10.365000000,203360.478886694,711.312162925
10.370000000,196642.292527164,719.038512567
10.375000000,197734.483891886,705.352564481
10.380000000,200861.766440888,706.900370434
10.385000000,198746.121657811,708.087332656
10.390000000,200481.442548703,703.963332212
10.395000000,201941.720085418,714.946152943
10.400000000,198410.847166855,703.863913982
10.405000000,199671.112213442,709.945583642
10.410000000,199270.534686606,694.807957102
10.415000000,194975.650995105,707.974949198
10.420000000,196623.627674076,709.054728464
10.425000000,204712.618722827,704.441823562
10.430000000,198039.790978856,709.351807174
10.435000000,194170.666057136,709.190464881
10.440000000,195081.613411596,699.526448894
10.445000000,199510.295108471,709.435582699
10.450000000,197727.153155736,699.677872239
10.455000000,196353.701049264,703.009198018
10.460000000,198660.006918886,696.981124790
10.465000000,200788.419482377,698.908160104
10.470000000,197632.359486855,696.859543902
10.475000000,198072.679775746,696.989196392
10.480000000,195955.962967123,704.553401855
10.485000000,201112.646412113,699.525174674
10.490000000,194840.715727565,698.666418843
10.495000000,197371.508939698,687.819799477
10.500000000,194260.129536935,693.321704359
10.505000000,198390.041439743,687.157204576
10.510000000,190167.601569752,693.610108671
10.515000000,202714.311318409,692.139102526
10.520000000,195877.694996942,696.600395494
10.525000000,199053.455561897,692.029256617
10.530000000,196773.523139587,701.514965559
10.535000000,198231.728005994,698.680669733
10.540000000,194066.689433863,700.381393995
10.545000000,195713.046912008,694.504319598
10.550000000,195512.075154682,687.674361560
10.555000000,194061.606849675,687.449054167
10.560000000,194715.403383698,701.851022295
10.565000000,194890.039838623,692.775910508
10.570000000,195147.356833020,689.532056398
10.575000000,191217.211613370,703.658487480
10.580000000,195539.224189663,693.587087541
10.585000000,197607.745386295,683.349055974
10.590000000,194691.598775216,687.097438990
10.595000000,197238.447907177,686.656217537
10.600000000,193108.168312929,702.066508035
10.605000000,198717.328798874,683.924982239
10.610000000,196990.330713387,686.496314686
10.615000000,198594.998842008,700.343486587
10.620000000,190616.832537501,682.597993796
10.625000000,193710.496513333,692.104639043
10.630000000,192605.528717670,685.914571936
10.635000000,195220.852315440,689.984748996
10.640000000,197505.796805963,683.107383447
10.645000000,197585.100970192,681.845838964
10.650000000,195612.602556108,692.992070076
10.655000000,195399.752004163,688.941989648
10.660000000,199283.891834302,684.354869491
10.665000000,194703.670231181,676.419590967
10.670000000,194859.774993813,677.162059532
10.675000000,193384.238248379,683.380180703
10.680000000,192851.271879559,688.271012665
10.685000000,189693.295170878,683.238248368
10.690000000,194064.764314190,680.043243561
10.695000000,191505.131778194,685.255845916
10.700000000,190463.745155192,670.313558365
10.705000000,195428.671267911,687.406853977
10.710000000,194447.999599010,683.448174864
10.715000000,192320.951025783,672.892026836
10.720000000,191868.758525490,687.471237861
10.725000000,190701.793428347,690.307839110
10.730000000,191174.775999205,668.680307583
10.735000000,190485.428043016,686.247234224
10.740000000,186705.296293999,673.339616911
10.745000000,189266.094485041,676.944500530
10.750000000,191106.067092699,678.030259242
10.755000000,191896.224058050,684.818056156
10.760000000,191168.912426279,678.157786306
10.765000000,187555.143485820,680.978553013
10.770000000,190527.313700087,679.697986854
10.775000000,188427.325358763,675.060021772
10.780000000,188346.367421967,682.028176011
10.785000000,191515.066857411,676.141520459
10.790000000,188685.418532538,686.770621990
10.795000000,186868.151882840,670.591801920
10.800000000,188595.789110121,672.630947984
10.805000000,186200.968448624,658.311184567
10.810000000,187878.408358804,669.154218248
10.815000000,188707.060889661,657.003287895
10.820000000,190134.016100013,678.744485877
10.825000000,189831.489419193,662.828327141
10.830000000,188171.802981782,678.127173010
10.835000000,187355.583973032,679.762064310
10.840000000,187148.359485123,661.691902360
10.845000000,185947.110928295,664.608124755
10.850000000,185230.861081198,662.619438272
10.855000000,186687.282895792,653.494602529
10.860000000,191898.703590280,659.237381709
10.865000000,185763.467839744,667.583973861
10.870000000,185635.382796376,668.734035661
10.875000000,184880.183767754,663.048760212
10.880000000,188112.686020971,667.745704765
10.885000000,188334.839445519,667.906800924
10.890000000,185186.932873291,668.472862325
10.895000000,186171.967086628,658.298739443
10.900000000,190581.781541733,671.191752140
10.905000000,186878.345965638,664.170925231
10.910000000,186394.026595721,658.573693613
10.915000000,188427.569320524,665.335440775
10.920000000,185533.381235587,674.543660009
10.925000000,187606.257796200,669.247760080
10.930000000,185548.329794883,662.655495772
10.935000000,184551.451804121,662.376805154
10.940000000,186789.855312635,667.028598628
10.945000000,185326.421733019,668.351341114
10.950000000,187252.344482666,660.503545541
10.955000000,192005.170283243,658.524154708
10.960000000,185765.737338513,664.601024798
10.965000000,188374.665757776,657.865341345
10.970000000,184381.715616528,650.147611120
10.975000000,184739.964793617,657.589130077
10.980000000,185721.985046200,665.318739803
10.985000000,183320.360375558,642.413828867
10.990000000,183596.112358017,651.850675916
10.995000000,185388.649491569,646.724605066
11.000000000,180148.467923044,654.719114337
11.005000000,182929.803060244,653.687522836
11.010000000,184346.366554321,656.940160822
11.015000000,186118.553686650,645.228786168
11.020000000,184832.390150087,653.125928655
11.025000000,181867.145223717,652.965912614
11.030000000,184141.710833738,650.708497276
11.035000000,186886.473668860,662.321833955
11.040000000,186939.380620609,658.285609781
11.045000000,185144.844921781,650.945693377
11.050000000,184229.370161736,651.024572656
11.055000000,182185.753768217,657.223653805
11.060000000,180650.449191105,650.031667251
11.065000000,179343.300859844,639.070734601
11.070000000,185723.379282834,651.059852520
11.075000000,182397.469897786,646.553090266
11.080000000,182236.892149966,655.271438797
11.085000000,182976.438280576,649.423790400
11.090000000,182094.960713553,664.215837901
11.095000000,179957.757449789,658.398053349
11.100000000,184894.428102067,658.193913517
11.105000000,183117.534567395,653.543720203
11.110000000,177383.457762378,643.967900687
11.115000000,185742.339840235,648.626485650
11.120000000,182941.853477728,654.187938104
11.125000000,178845.952137907,646.425262701
11.130000000,181124.664103719,638.468453245
11.135000000,181404.893453224,644.250510053
11.140000000,179890.131305622,646.476193120
11.145000000,178833.764823471,656.151533637
11.150000000,182748.963956049,643.642263506
11.155000000,183072.027043401,649.075506418
11.160000000,182366.581184553,649.841837814
11.165000000,181024.294388057,642.383525669
11.170000000,180228.479900873,642.186440843
11.175000000,180724.651024513,644.121299812
11.180000000,178748.177360632,643.774071157
11.185000000,179883.639771247,640.851296513
11.190000000,182554.465555973,639.047796817
11.195000000,178798.695692574,645.587637486
11.200000000,181724.997471162,642.652011125
11.205000000,177495.955052084,647.474841424
11.210000000,178533.109733923,632.676245195
11.215000000,182075.111489012,638.026862773
11.220000000,177990.273534720,640.424816743
11.225000000,180535.151083144,636.387170160
11.230000000,179296.740940425,649.294883543
11.235000000,178613.542025761,640.188977924
11.240000000,179576.569862988,638.198080967
11.245000000,182292.723766932,640.798693168
11.250000000,178037.359033194,633.574974114
11.255000000,176372.149565631,648.803010674
11.260000000,176717.175209512,642.292704483
11.265000000,179309.391782087,629.976477388
11.270000000,179552.306145972,636.019466135
11.275000000,180092.016220567,635.723619702
11.280000000,177488.184620362,644.705040336
11.285000000,178712.841077731,631.771485529
11.290000000,175122.823301740,638.363966839
11.295000000,178748.208330413,635.346071141
11.300000000,179404.981542430,641.883275383
11.305000000,176256.873303692,639.324690470
11.310000000,176600.764147234,637.756891635
11.315000000,173196.114160874,621.960321670
11.320000000,176181.572054598,648.113567929
11.325000000,176847.862063783,625.356517760
11.330000000,178525.979896809,631.832768929
11.335000000,180259.011615250,641.136478544
11.340000000,176764.842891943,635.555395339
11.345000000,175484.510127602,631.307878420
11.350000000,178205.470918166,635.134471711
11.355000000,175270.940182375,627.481868869
11.360000000,176101.790656074,632.682505349
11.365000000,172304.983379245,638.467478190
11.370000000,174703.629780649,630.796208863
11.375000000,177606.205452248,623.766899509
11.380000000,175811.006629932,627.217509930
11.385000000,173579.959233185,636.084139622
11.390000000,173162.082001192,638.803868194
11.395000000,173672.527098305,628.589495112
11.400000000,176476.453545473,616.736168832
11.405000000,176272.656134633,624.309277270
11.410000000,173290.932980297,627.013770516
11.415000000,172420.705744186,631.905324393
11.420000000,172656.341439136,628.041698562
11.425000000,171371.920499804,624.740789087
11.430000000,173309.732804479,616.159666437
11.435000000,169960.979264467,623.981216472
11.440000000,176446.720805316,622.665808748
11.445000000,176156.582207571,617.453880788
11.450000000,176131.643672282,632.701248190
11.455000000,173689.291540067,619.839844377
11.460000000,174235.309737736,620.553848847
11.465000000,173641.315099485,626.358181433
11.470000000,173605.681618497,626.236332781
11.475000000,171483.885653871,630.244102591
11.480000000,172471.038921466,622.869685730
11.485000000,172920.122970611,626.752141632
11.490000000,169740.857610949,619.697240552
11.495000000,171001.163823882,626.890212014
11.500000000,172067.043295615,616.768986552
11.505000000,170571.611073579,627.756786166
11.510000000,175435.496020375,614.581626110
11.515000000,172453.649258696,622.700714970
11.520000000,174609.361842546,617.675823282
11.525000000,171168.349323531,625.005490552
11.530000000,176639.398015200,623.514976564
11.535000000,172611.780048804,613.872493293
11.540000000,165676.376294386,620.647361856
11.545000000,176037.670760546,627.196747426
11.550000000,173219.679674798,616.479146748
11.555000000,174630.795363223,617.231906933
11.560000000,172992.358807948,613.891889559
11.565000000,174581.807828342,617.502965582
11.570000000,168123.671255547,622.003839470
11.575000000,171721.986103858,609.177814557
11.580000000,169200.772006307,622.314205714
11.585000000,169471.707001056,627.840870042
11.590000000,172606.941259517,614.312852537
11.595000000,173585.789049726,611.645529327
11.600000000,171259.485682190,616.669065624
11.605000000,171918.907962047,616.779288027
11.610000000,169531.089363545,598.691105940
11.615000000,168621.832095808,612.302056949
11.620000000,164951.318823884,615.964471578
11.625000000,172658.632155553,611.705586414
11.630000000,171122.711738430,609.763660932
11.635000000,168552.139050221,619.257439701
11.640000000,165813.699129589,615.671055378
11.645000000,166446.726956950,611.798132841
11.650000000,165383.899235642,603.868309938
11.655000000,168939.227013831,600.692507003
11.660000000,165810.083351511,605.188499378
11.665000000,173315.454599535,623.135227614
11.670000000,170925.127572245,606.874943425
11.675000000,170541.474262601,603.838087110
11.680000000,168731.078237584,610.229151692
11.685000000,169046.034781103,611.153717297
11.690000000,167286.837689182,609.985462338
11.695000000,166436.768967545,615.012564969
11.700000000,167067.142696337,612.763081173
11.705000000,170870.738585630,608.887659470
11.710000000,169574.152070185,600.212075277
11.715000000,169348.561169874,593.956081116
11.720000000,164325.198741437,603.760720227
11.725000000,164889.465556232,593.684160709
11.730000000,168954.338656393,611.260269576
11.735000000,165890.494176972,597.817538847
11.740000000,163229.797067556,609.391393811
11.745000000,166768.754298407,611.746845730
11.750000000,167444.326366759,614.451813586
11.755000000,167198.820757741,605.210870666
11.760000000,166233.046481184,599.173401788
11.765000000,164988.964653332,605.755736341
11.770000000,167487.696585196,598.526995717
11.775000000,168589.021236996,595.661526622
11.780000000,163875.798636692,591.749909100
11.785000000,165450.126040432,593.720664173
11.790000000,162844.598653812,582.817055847
11.795000000,167693.975662077,602.649041408
11.800000000,167419.074501284,599.479567957
11.805000000,165954.338646411,595.882933470
11.810000000,165166.511189997,594.540094084
11.815000000,163423.065869881,609.596199781
11.820000000,165338.959740221,597.345131278
11.825000000,166432.756311660,608.445908654
11.830000000,165754.797868760,604.550921407
11.835000000,163209.078896745,595.685555584
11.840000000,166966.625090669,601.390648000
11.845000000,164871.530736134,598.566261125
11.850000000,166245.348520126,597.757122651
11.855000000,165192.865895717,603.055211216
11.860000000,164618.200021411,590.397102330
11.865000000,166055.399349289,584.545334754
11.870000000,163532.694351462,580.827372568
11.875000000,164211.835965680,592.470831525
11.880000000,164624.094935224,599.111193526
11.885000000,163027.883280808,587.356546928
11.890000000,162875.560532211,585.014527850
11.895000000,161383.854944036,584.887825646
11.900000000,160413.624359169,596.758016592
11.905000000,161107.293330336,586.838580059
11.910000000,165131.272939678,583.158165911
11.915000000,165870.508778614,582.075959682
11.920000000,162881.256964107,575.960200063
11.925000000,164911.270470250,579.338222302
11.930000000,165148.128442906,594.832623288
11.935000000,165321.819529118,598.974386666
11.940000000,164018.159361674,599.774019614
11.945000000,163782.694912368,592.050344778
11.950000000,160648.122917791,587.019115574
11.955000000,160812.689867161,595.231590117
11.960000000,166162.024038821,598.293983821
11.965000000,167106.999359347,586.818673203
11.970000000,165733.764648197,589.716259223
11.975000000,161186.940144278,581.307702442
11.980000000,162724.379693745,590.368387250
11.985000000,157470.078312926,585.673929232
11.990000000,164596.655514238,590.189687865
11.995000000,165621.783707024,569.687532254
12.000000000,162776.082073100,584.661227352
12.005000000,164513.532239537,587.828378545
12.010000000,158941.705370698,591.441038833
12.015000000,159049.708597688,591.003054823
12.020000000,163341.280539597,592.620975339
12.025000000,160766.678913693,576.542581044
12.030000000,159140.982124699,577.716158067
12.035000000,162626.323879366,571.757305608
12.040000000,160309.599089603,575.166178660
12.045000000,159672.275642285,583.106095532
12.050000000,161861.860413907,574.135953779
12.055000000,159380.835483097,578.061949159
12.060000000,160675.733822106,589.102819158
12.065000000,158716.964863822,586.181874655
12.070000000,158258.433011896,585.555651936
12.075000000,158604.916511857,598.049616111
12.080000000,158793.354516606,570.587435647
12.085000000,159498.696705989,579.596109014
12.090000000,153672.996715491,579.730938211
12.095000000,162867.510738395,578.268534808
12.100000000,156678.682464959,579.829178972
12.105000000,158652.592116735,570.695390441
12.110000000,159169.296166827,575.402145238
12.115000000,156282.922799304,590.278763532
12.120000000,161550.789520643,572.039150367
12.125000000,157392.216526313,576.602026178
12.130000000,157729.029287951,570.835524942
12.135000000,156998.184765932,573.762848433
12.140000000,155877.593556393,566.207496279
12.145000000,159278.209234854,571.337107689
12.150000000,156624.934639247,568.775973389
12.155000000,156318.250155140,578.446382718
12.160000000,157651.221968725,577.638481290
12.165000000,159215.018998804,580.958433858
12.170000000,157786.268843651,572.199508927
12.175000000,158767.449441968,575.658400982
12.180000000,160217.935442228,562.972915626
12.185000000,157326.199857604,564.383748692
12.190000000,156481.201305232,570.370495867
12.195000000,161563.347274756,564.162797141
12.200000000,161803.657228704,567.841750992
12.205000000,158025.798849227,567.016708386
12.210000000,154963.679098916,562.586706960
12.215000000,153579.555317912,580.501210869
12.220000000,155341.994579980,571.567764659
12.225000000,158445.779587898,573.210074551
12.230000000,156700.550496523,567.718837248
12.235000000,155520.370412435,563.157883017
12.240000000,160085.513219204,578.542548732
12.245000000,155195.755416361,565.498801113
12.250000000,152747.426527298,567.417113968
12.255000000,155387.695783914,575.469829037
12.260000000,154580.342916087,569.845196279
12.265000000,152624.069359315,571.366402132
12.270000000,155140.529325799,561.511456584
12.275000000,157838.845253706,554.743469763
12.280000000,155297.969510828,571.448162648
12.285000000,155255.366927747,565.378103013
12.290000000,154178.037075219,566.586700863
12.295000000,158856.513495705,569.761410533
12.300000000,159016.123158988,566.002244661
12.305000000,152838.122973859,574.669348147
12.310000000,158034.071095416,555.025617197
12.315000000,156795.047391684,570.668139149
12.320000000,157256.019925137,560.791274137
12.325000000,158368.150491319,570.895971346
12.330000000,153505.085631980,567.885690953
12.335000000,153473.645426569,560.933466523
12.340000000,155711.552569256,557.691413448
12.345000000,150353.443812472,551.233755150
12.350000000,156089.903683686,551.703580347
12.355000000,155912.592426190,570.467155540
12.360000000,154674.556031691,563.367608796
12.365000000,154722.842928615,561.118084719
12.370000000,151792.249984944,565.477167817
12.375000000,150349.720534744,553.565640441
12.380000000,152381.567934679,560.215842925
12.385000000,150225.057339957,557.944883608
12.390000000,151106.107809930,545.809671907
12.395000000,152110.240678484,553.729734002
12.400000000,152118.577599402,566.363548062
12.405000000,157178.328307736,555.536034467
12.410000000,154628.654111137,554.695506889
12.415000000,156836.440132824,565.641270327
12.420000000,154626.972983616,543.758861168
12.425000000,152323.168293420,557.949701817
12.430000000,152129.143705841,563.484366473
12.435000000,149752.161521561,554.431158287
12.440000000,151993.324748656,551.783183709
12.445000000,151474.924193928,568.392243338
12.450000000,151428.433633615,557.959192782
12.455000000,151281.830970415,554.240508595
12.460000000,148217.199235298,564.271355296
12.465000000,149802.078888200,564.403754310
12.470000000,151447.345609406,550.417430668
12.475000000,150496.685089068,543.136685667
12.480000000,148955.728253031,563.438361574
12.485000000,147769.840298646,549.635195878
12.490000000,150682.386213277,549.758573802
12.495000000,150528.939766838,544.522919597
12.500000000,150690.362211709,538.935044975
12.505000000,152206.172458083,552.474540574
12.510000000,152433.339459590,546.664353486
12.515000000,150319.134717694,558.623320542
12.520000000,150099.950573388,541.172206572
12.525000000,153673.020587210,547.737184435
12.530000000,151659.564997408,553.705274593
12.535000000,151618.419148793,546.678197705
12.540000000,147723.762437688,542.966363109
12.545000000,151189.283255773,538.122306580
12.550000000,150284.708835912,543.611579907
12.555000000,151914.272029678,547.520783750
12.560000000,148495.674626317,539.549164782
12.565000000,150928.222877257,547.638640721
12.570000000,147976.184642796,542.136429645
12.575000000,150957.903676753,545.254429097
12.580000000,150382.283584304,544.576761710
12.585000000,146625.005777760,538.353637323
12.590000000,149344.016381336,541.820794447
12.595000000,145695.832013185,549.117055841
12.600000000,149556.980295924,546.592831013
12.605000000,151485.273067944,542.495921944
12.610000000,146560.655132103,537.063437566
12.615000000,146690.586455218,541.748605981
12.620000000,149039.096564699,537.431697248
12.625000000,144353.104136645,546.736525083
12.630000000,146737.902454177,543.085212484
12.635000000,147716.853855102,549.813064301
12.640000000,150615.709737372,536.918790347
12.645000000,148216.820187227,549.037225501
12.650000000,149831.480973569,543.940918944
12.655000000,149244.387652740,547.113685374
12.660000000,144660.306911665,541.605673646
12.665000000,146523.954247921,530.786403423
12.670000000,147543.584096053,538.373340630
12.675000000,146478.559156631,537.898509514
12.680000000,148289.843705360,533.908577427
12.685000000,148654.724351085,536.200713727
12.690000000,146812.307810084,544.408778251
12.695000000,147054.513380070,549.915187540
12.700000000,147727.066026964,534.435528520
12.705000000,145300.396237404,544.455130140
12.710000000,147966.077216230,534.400028562
12.715000000,146998.081817248,542.693851732
12.720000000,147484.213304879,540.429822929
12.725000000,147574.963034469,539.499680388
12.730000000,145493.401778247,538.934847664
12.735000000,146568.616920033,532.682231353
12.740000000,148016.994762922,527.723653537
12.745000000,146010.199671817,529.192616597
12.750000000,148165.554915158,530.671092761
12.755000000,147909.668556847,537.543258847
12.760000000,147737.644555926,546.299062434
12.765000000,138639.898033099,538.489626641
12.770000000,145639.359531392,531.575170208
12.775000000,144208.161191732,529.865776435
12.780000000,144449.887998454,535.211768944
12.785000000,143500.968106511,527.517999057
12.790000000,138283.847934625,532.833873758
12.795000000,148680.662665138,529.427858112
12.800000000,142703.533684805,540.017814740
12.805000000,146220.081394161,528.878402862
12.810000000,144453.728905450,528.568880908
12.815000000,146525.617718599,527.976940206
12.820000000,146847.618585673,534.404173226
12.825000000,142936.337884025,535.626267566
12.830000000,143678.090306680,539.018209690
12.835000000,144885.261881668,529.577591128
12.840000000,142637.663444626,536.124782618
12.845000000,146147.404660642,530.032915121
12.850000000,144328.904198719,534.989866423
12.855000000,140572.027140143,530.974683947
12.860000000,142695.975578073,528.300562848
12.865000000,145650.980400639,527.689512277
12.870000000,142106.385185230,516.718069329
12.875000000,143972.493864080,522.633716106
12.880000000,141136.820553699,528.715041636
12.885000000,145851.718763504,534.854294909
12.890000000,144014.273101147,520.527434655
12.895000000,144142.801059070,537.161716452
12.900000000,145287.171942559,532.311847170
12.905000000,143494.375089106,525.773226613
12.910000000,144781.489700965,532.895503792
12.915000000,144855.515613015,523.816989588
12.920000000,142303.084948078,524.570488521
12.925000000,141357.634734308,518.969636976
12.930000000,140464.356063977,519.785696411
12.935000000,142054.495459351,518.873806736
12.940000000,142491.546797325,529.213651191
12.945000000,140711.417932608,521.485244601
12.950000000,141409.253571572,523.310529864
12.955000000,139188.303738293,523.412527418
12.960000000,143204.264049610,525.695769577
12.965000000,142535.429858189,521.334360581
12.970000000,141182.712631777,521.834891365
12.975000000,142810.487853736,517.150518155
12.980000000,142736.833112876,516.841718645
12.985000000,140202.953891005,526.912186468
12.990000000,145849.748643921,518.152285727
12.995000000,140801.505149226,519.187875626
13.000000000,141668.936073486,516.108250484
13.005000000,141439.116154997,523.034370934
13.010000000,139935.516065430,527.190871859
13.015000000,143271.890813257,508.608112331
13.020000000,140360.849828215,523.946732073
13.025000000,143779.673616971,513.924143375
13.030000000,137450.804023294,519.577825847
13.035000000,135244.794901426,518.618662125
13.040000000,139911.562155980,528.446894639
13.045000000,141752.719916676,511.847959221
13.050000000,139359.637082104,528.507971459
13.055000000,138195.270713727,510.716210085
13.060000000,139132.468701005,508.478461205
13.065000000,143358.235446937,516.139164221
13.070000000,141446.441653845,523.252712563
13.075000000,142909.014956964,510.359978007
13.080000000,138982.411152023,514.445841087
13.085000000,136369.710430505,507.571799072
13.090000000,139127.455335234,522.242327913
13.095000000,140880.610514915,508.529320298
13.100000000,139248.510699436,515.543304418
13.105000000,141216.160738711,520.787326315
13.110000000,142547.881837436,512.431064207
13.115000000,138122.028547476,521.355712468
13.120000000,137208.003015073,508.810152179
13.125000000,140172.484556069,506.981097948
13.130000000,138688.111853183,500.288510646
13.135000000,135833.424121568,512.314745267
13.140000000,138271.710290069,512.271096954
13.145000000,138801.085719048,514.381867604
13.150000000,139350.912264661,513.155802428
13.155000000,137367.028480768,510.861075190
13.160000000,134823.605419002,508.682386417
13.165000000,136068.384666344,505.973079763
13.170000000,140596.631494990,508.053144983
13.175000000,136917.190440610,505.101524861
13.180000000,140872.323867745,511.153022390
13.185000000,141280.117314219,506.213120178
13.190000000,138617.116673838,512.526075519
13.195000000,138012.888251449,513.099688835
13.200000000,140325.394172789,499.712560709
13.205000000,134141.230431697,504.559718743
13.210000000,134314.822104358,524.029469831
13.215000000,137222.395467019,506.556474974
13.220000000,138947.557416252,515.528675067
13.225000000,138643.301200085,511.995842719
13.230000000,139427.809743906,502.564622920
13.235000000,139613.051573616,506.470302003
13.240000000,137334.121996371,509.542817931
13.245000000,139910.759218951,505.507874450
13.250000000,139327.756141289,490.876935141
13.255000000,137167.668628696,497.050257230
13.260000000,138064.268225295,509.985174337
13.265000000,135323.979759012,496.363982461
13.270000000,135108.295084582,500.141209798
13.275000000,138925.055942626,497.889075230
13.280000000,132159.966548990,499.047883666
13.285000000,135583.307366768,512.216034313
13.290000000,138722.725865420,508.123896043
13.295000000,132212.984012794,502.642275978
13.300000000,132725.732876851,495.053855698
13.305000000,135744.749500489,488.554794935
13.310000000,137500.318041189,501.471619272
13.315000000,137760.085328304,503.058045033
13.320000000,137713.259059479,498.741181533
13.325000000,134170.571277827,492.038216132
13.330000000,136197.163268804,505.176363216
13.335000000,133870.691726330,496.518702084
13.340000000,134190.323628263,500.648166429
13.345000000,136031.981483474,496.530030053
13.350000000,135150.377320640,513.907655592
13.355000000,132537.027199742,502.680437751
13.360000000,134978.753281478,500.601651199
13.365000000,138279.451129415,501.471494588
13.370000000,134773.243286065,494.961477828
13.375000000,133993.455594957,496.469173023
13.380000000,136913.286341009,489.842492429
13.385000000,132402.350134857,492.029782287
13.390000000,137489.141138936,483.455084980
13.395000000,134066.176705152,492.916015169
13.400000000,132722.476495870,491.207823379
13.405000000,128895.392804146,492.706678240
13.410000000,134356.613218887,484.985606836
13.415000000,133262.776945904,496.540118146
13.420000000,135697.835551907,488.914545408
13.425000000,132152.222458355,497.622706350
13.430000000,135486.712565058,497.815028062
13.435000000,132295.366284711,502.134918050
13.440000000,135921.245948097,482.164202074
13.445000000,131194.198897385,495.312291236
13.450000000,132041.807691489,506.728313165
13.455000000,131652.098047512,497.187730562
13.460000000,132643.450786519,490.428953427
13.465000000,129983.886421730,487.992860318
13.470000000,133149.278369844,499.749832429
13.475000000,131534.848605923,487.385397686
13.480000000,132992.048581992,482.472627316
13.485000000,131807.219328192,481.826786578
13.490000000,131595.436078895,497.165456434
13.495000000,131774.703588018,488.878383357
13.500000000,131245.424621677,495.797163854
13.505000000,132478.064354003,491.118839411
13.510000000,127494.308234811,485.527585809
13.515000000,131455.513847553,491.142174145
13.520000000,128541.152504310,484.161023707
13.525000000,132310.979783695,495.998096654
13.530000000,126780.321520166,486.244253707
13.535000000,127062.063438742,494.357302283
13.540000000,135017.168019094,476.858306087
13.545000000,131532.183795535,480.592937223
13.550000000,130686.835560962,488.712777043
13.555000000,131781.336856765,493.931031420
13.560000000,134861.307523734,488.914063577
13.565000000,133309.458399334,484.433864376
13.570000000,131537.538512361,484.280235586
13.575000000,133630.105095443,485.864260859
13.580000000,130134.707056700,480.063516417
13.585000000,132225.534140444,504.680584297
13.590000000,132235.744655196,492.777024393
13.595000000,133530.867077729,476.359585003
13.600000000,131085.617995070,485.868042611
13.605000000,131401.774931025,480.587804037
13.610000000,130033.371616613,480.624893431
13.615000000,128655.238078356,485.944354710
13.620000000,132501.557893299,484.924148944
13.625000000,131070.449481107,477.597586067
13.630000000,128594.018995419,475.368106340
13.635000000,130370.623473685,480.741917786
13.640000000,134234.337468356,487.182256142
13.645000000,128348.833312669,480.883412379
13.650000000,132018.414698768,481.611568359
13.655000000,128697.302884608,488.164800232
13.660000000,132212.859630139,486.789845073
13.665000000,128049.423499997,475.862934149
13.670000000,132375.020888341,491.169076056
13.675000000,127598.242880838,487.746015280
13.680000000,130869.149407231,481.473383546
13.685000000,125566.852361529,475.027860812
13.690000000,126723.171305099,483.833138941
13.695000000,127741.796915023,471.548104643
13.700000000,130307.997488618,480.872055560
13.705000000,129397.111300981,479.431627908
13.710000000,125916.704674432,481.736462450
13.715000000,129258.828588611,481.530366503
13.720000000,129300.197696338,491.013163273
13.725000000,131208.361291923,474.105362260
13.730000000,125936.879608720,467.666265345
13.735000000,128499.837844197,471.400171550
13.740000000,129516.918790844,480.092337888
13.745000000,130708.650415997,482.222657314
13.750000000,126591.392380348,474.154926540
13.755000000,129120.018767615,495.972031609
13.760000000,132689.894168564,470.645894554
13.765000000,127790.120383257,477.344156000
13.770000000,130287.093367497,473.277762935
13.775000000,128457.294035074,486.524170866
13.780000000,125300.754367839,476.025811479
13.785000000,128678.846446416,467.753530089
13.790000000,130549.595048924,482.781142074
13.795000000,125326.943099753,482.169436441
13.800000000,130945.230616806,474.296271406
13.805000000,124592.010981386,476.793330543
13.810000000,123125.584651656,476.540671782
13.815000000,130717.369148058,475.253968313
13.820000000,127480.094520008,472.935469678
13.825000000,128092.634568641,473.418667633
13.830000000,126916.529487359,476.508610251
13.835000000,127283.029654059,475.149522395
13.840000000,126148.787465960,471.084977319
13.845000000,127563.131955101,465.233973580
13.850000000,129249.382960283,460.052798130
13.855000000,124234.869981784,474.930619603
13.860000000,125487.058938702,463.241339406
13.865000000,124890.417886841,462.371400960
13.870000000,126117.824507111,464.736486795
13.875000000,125381.000440417,459.291190339
13.880000000,127053.163773921,460.410032459
13.885000000,122996.203793100,470.890050809
13.890000000,123675.412285648,461.344432196
13.895000000,124796.457846489,468.400839282
13.900000000,124722.738744385,450.027083725
13.905000000,124737.016988440,469.176169306
13.910000000,127584.306634352,474.866354089
13.915000000,129647.574636683,459.997699845
13.920000000,119589.712055693,470.159202140
13.925000000,122030.443167214,465.643460927
13.930000000,123368.643178574,473.540011430
13.935000000,121815.781966259,465.651099505
13.940000000,124050.624334430,472.268861822
13.945000000,120784.584239566,454.032630412
13.950000000,122615.151122933,469.014052558
13.955000000,120972.620327734,472.748489250
13.960000000,124145.312571739,469.395494793
13.965000000,124090.741221670,472.613801676
13.970000000,120846.912540513,461.370982214
13.975000000,122423.908189635,472.288324070
13.980000000,123844.060897769,457.071988375
13.985000000,126276.788995119,458.823361254
13.990000000,119233.209253534,467.487337239
13.995000000,124332.007700139,460.096622084
14.000000000,123854.955242079,463.464841397
14.005000000,123701.740789744,473.978203863
14.010000000,127624.149228445,450.746139615
14.015000000,128474.714565252,465.203315928
14.020000000,124728.332102914,456.030470927
14.025000000,122634.591948626,463.851262978
14.030000000,123240.504976768,460.421054580
14.035000000,125577.484392572,454.669300432
14.040000000,119171.245428350,457.886741513
14.045000000,122245.822641240,461.701292546
14.050000000,120522.925821434,457.769219118
14.055000000,126659.774900455,452.234911265
14.060000000,122468.048557861,456.023371993
14.065000000,120980.210147471,444.860355594
14.070000000,123189.416984847,456.574234353
14.075000000,121015.653222640,459.640376996
14.080000000,117867.929916531,456.634197279
14.085000000,119302.944546104,454.845941111
14.090000000,122806.019311103,457.493501524
14.095000000,120923.216131737,465.430356481
14.100000000,122297.724412350,467.613838841
14.105000000,124574.026385973,452.200045846
14.110000000,121652.207554672,462.704550210
14.115000000,120357.504938860,454.336732977
14.120000000,120595.324549622,457.307076828
14.125000000,121864.280533308,471.889842608
14.130000000,119004.950099063,454.638094346
14.135000000,123142.993552748,444.889839159
14.140000000,122761.796920653,451.555898644
14.145000000,121719.907628991,443.799898248
14.150000000,118463.388855349,438.692970735
14.155000000,122355.632745768,445.795583271
14.160000000,122654.050991041,445.496956767
14.165000000,118498.967824107,456.412400277
14.170000000,124716.584641494,452.492293887
14.175000000,124434.479985213,455.933151327
14.180000000,118584.909927749,456.255084919
14.185000000,121659.288902574,456.972131720
14.190000000,119501.540908321,449.674753978
14.195000000,121321.479034991,467.006443646
14.200000000,119694.213939520,449.308640427
14.205000000,122911.878659948,449.213582184
14.210000000,117203.613270398,447.116284474
14.215000000,120547.340912612,434.925488579
14.220000000,121752.635169788,451.699956249
14.225000000,121516.772855239,451.341148532
14.230000000,122735.700723630,457.632492371
14.235000000,121451.671290845,460.389051615
14.240000000,116527.340227395,458.466546701
14.245000000,117966.666972755,454.528470433
14.250000000,121314.487836334,453.159144101
14.255000000,119269.968064831,450.373149282
14.260000000,118814.966118725,449.107661758
14.265000000,117486.000124709,447.513622236
14.270000000,118696.786805107,445.230493572
14.275000000,118604.647225948,456.343902351
14.280000000,118198.629178837,448.370226218
14.285000000,119855.845460762,447.349457442
14.290000000,121797.085651056,450.122196524
14.295000000,119526.216674011,439.229922744
14.300000000,119755.037208774,442.009443056
14.305000000,115302.968048311,450.550721081
14.310000000,116131.767222729,442.998621166
14.315000000,118154.133574645,442.884516949
14.320000000,121415.301563606,449.998495834
14.325000000,120438.685623926,457.085888503
14.330000000,116039.382906046,447.626630137
14.335000000,124547.163040392,432.817179870
14.340000000,119870.008397741,452.084137068
14.345000000,117757.951634902,448.402970222
14.350000000,119902.213087643,448.807981079
14.355000000,114086.069814482,447.084608433
14.360000000,119553.750195877,446.583059207
14.365000000,118883.863320017,434.402617318
14.370000000,117619.810327375,438.319454002
14.375000000,115022.874530543,444.505709063
14.380000000,115139.899208071,444.625468243
14.385000000,115482.436498688,455.961793773
14.390000000,117357.050767355,433.489038481
14.395000000,117681.639330824,445.963629259
14.400000000,117043.099213933,438.665979780
14.405000000,117981.081561069,441.349907484
14.410000000,120738.302127387,434.011650839
14.415000000,118830.933195237,440.560224699
14.420000000,116739.524076782,449.086699896
14.425000000,116060.071300842,440.370176233
14.430000000,117684.007761704,437.729734108
14.435000000,114872.546726768,445.311460146
14.440000000,122278.611000188,445.676278807
14.445000000,115324.106423012,435.963255478
14.450000000,117984.740771327,433.108750696
14.455000000,117049.368889943,429.042002116
14.460000000,116425.386813793,439.143767602
14.465000000,115346.086992805,444.643496856
14.470000000,114282.194338781,434.328110055
14.475000000,117148.337398905,448.697545342
14.480000000,112778.399637108,434.303916962
14.485000000,115571.417026574,434.702316224
14.490000000,112812.321139648,439.500188670
14.495000000,118619.710387977,428.698269898
14.500000000,119627.461301224,439.406416724
14.505000000,119951.790985721,438.079195386
14.510000000,118155.444081381,430.001486041
14.515000000,116447.042824814,441.508162485
14.520000000,118764.377282635,430.703779704
14.525000000,113483.212895751,438.189236489
14.530000000,119089.333658670,435.319675553
14.535000000,116874.157780212,437.342814845
14.540000000,112364.678422597,424.366834613
14.545000000,116868.721636843,431.316193681
14.550000000,113168.261921891,425.298673151
14.555000000,114438.042767974,426.922290333
14.560000000,113018.138542706,424.986810985
14.565000000,114603.056425687,425.035427684
14.570000000,114914.758847046,435.726890112
14.575000000,119080.091917930,430.827605075
14.580000000,113110.088199582,434.993030462
14.585000000,115069.918039356,442.961881647
14.590000000,113799.316021402,435.385305652
14.595000000,116682.977032485,437.344590823
14.600000000,113048.252163458,421.853994626
14.605000000,113306.887984663,413.304731377
14.610000000,116893.925633408,436.080596407
14.615000000,112561.423239335,429.925842428
14.620000000,114518.642853093,431.370121393
14.625000000,113653.514103818,428.854830132
14.630000000,112966.245512633,430.622520757
14.635000000,111547.558166800,434.014688527
14.640000000,108209.408808861,441.602852018
14.645000000,107812.824880179,430.913673767
14.650000000,113108.782089063,434.052581048
14.655000000,117825.299555529,439.565060926
14.660000000,115548.677636232,420.831429854
14.665000000,114171.390709516,431.575399990
14.670000000,109808.247685516,424.585776628
14.675000000,114546.340082944,426.916588595
14.680000000,114815.242841902,415.979440597
14.685000000,113406.700459204,429.562644612
14.690000000,113395.849499551,428.920449728
14.695000000,111301.733266692,437.120543451
14.700000000,116913.285972279,434.049619339
14.705000000,112081.359579818,425.905370700
14.710000000,112287.739301000,421.282115783
14.715000000,113662.853257832,422.826173666
14.720000000,114816.741156368,422.121242548
14.725000000,110995.059801585,422.744972059
14.730000000,112061.435870419,421.922805505
14.735000000,107304.453435662,433.962936301
14.740000000,110715.625921514,427.185157161
14.745000000,109828.720796029,430.219927486
14.750000000,112683.776577334,430.111450830
14.755000000,115344.974359526,415.320610264
14.760000000,115406.770204994,421.803971290
14.765000000,110996.312081531,427.148049844
14.770000000,112105.117018278,418.785032036
14.775000000,109031.361604879,410.206392633
14.780000000,112258.962427145,427.535219849
14.785000000,110944.213808819,419.182629870
14.790000000,108960.052034684,417.481956347
14.795000000,106798.846517078,428.229839139
14.800000000,111248.638646727,428.596117718
14.805000000,110783.746256217,422.318438271
14.810000000,111382.515117792,413.817424157
14.815000000,112438.642383573,422.625540698
14.820000000,106998.960712082,422.887853094
14.825000000,112381.616051787,417.341589925
14.830000000,111526.388793032,422.648665769
14.835000000,105099.816443840,420.180385191
14.840000000,111700.442949391,425.342264317
14.845000000,110454.601341083,415.532313530
14.850000000,109784.979850861,413.433513940
14.855000000,111037.490512864,419.566339014
14.860000000,110765.282172432,401.332792115
14.865000000,111410.805544593,414.116778400
14.870000000,111002.810779236,423.189690755
14.875000000,108403.729253697,425.982882694
14.880000000,110514.378173019,410.771140243
14.885000000,113269.224313947,402.848744121
14.890000000,111284.659118763,412.150962700
14.895000000,106663.640134326,423.495792283
14.900000000,109417.713865928,422.756707892
14.905000000,106561.718046137,422.368933990
14.910000000,108624.774050643,416.883619431
14.915000000,109332.112518300,416.942461393
14.920000000,108044.721236472,425.014065123
14.925000000,111976.163592127,412.293346236
14.930000000,109719.471733437,413.018424375
14.935000000,107480.847991723,414.856231994
14.940000000,107456.456569276,416.737464774
14.945000000,111176.978400084,417.357082204
14.950000000,109608.310177875,405.154103489
14.955000000,108172.945401096,419.735470206
14.960000000,107624.537038770,408.513624546
14.965000000,108143.908581239,411.294686879
14.970000000,105932.935446084,402.775099293
14.975000000,106929.935183419,415.721178589
14.980000000,109736.223464582,405.174776661
14.985000000,108698.680019680,411.697101422
14.990000000,107851.487074051,409.067201582
14.995000000,109191.332018716,411.042398566
